{
	"format_version": "1.9.0",
	"credit": "Made with Blockbench",
	"textures": {
		"0": "item/golden_sword",
		"particle": "item/golden_sword"
	},
	"elements": [
		{
			"name": "netherite_sword_0",
			"from": [12.06667, 12, 0],
			"to": [16, 16, 1.06667],
			"faces": {
				"north": {"uv": [16, 0, 12.06667, 4], "texture": "#0"},
				"east": {"uv": [15.93333, 0, 16, 4], "texture": "#0"},
				"south": {"uv": [12.06667, 0, 16, 4], "texture": "#0"},
				"west": {"uv": [12.06667, 0, 12.13333, 4], "texture": "#0"},
				"up": {"uv": [12.06667, 0, 16, 0.06667], "texture": "#0"},
				"down": {"uv": [12.06667, 3.93333, 16, 4], "texture": "#0"}
			}
		},
		{
			"name": "netherite_sword_1",
			"from": [10.73333, 9.33333, 0],
			"to": [12.06667, 14.66667, 1.06667],
			"faces": {
				"north": {"uv": [12.06667, 1.33333, 10.73333, 6.66667], "texture": "#0"},
				"east": {"uv": [12, 1.33333, 12.06667, 6.66667], "texture": "#0"},
				"south": {"uv": [10.73333, 1.33333, 12.06667, 6.66667], "texture": "#0"},
				"west": {"uv": [10.73333, 1.33333, 10.8, 6.66667], "texture": "#0"},
				"up": {"uv": [10.73333, 1.33333, 12.06667, 1.4], "texture": "#0"},
				"down": {"uv": [10.73333, 6.6, 12.06667, 6.66667], "texture": "#0"}
			}
		},
		{
			"name": "netherite_sword_2",
			"from": [9.4, 8, 0],
			"to": [10.73333, 13.33333, 1.06667],
			"faces": {
				"north": {"uv": [10.73333, 2.66667, 9.4, 8], "texture": "#0"},
				"east": {"uv": [10.66667, 2.66667, 10.73333, 8], "texture": "#0"},
				"south": {"uv": [9.4, 2.66667, 10.73333, 8], "texture": "#0"},
				"west": {"uv": [9.4, 2.66667, 9.46667, 8], "texture": "#0"},
				"up": {"uv": [9.4, 2.66667, 10.73333, 2.73333], "texture": "#0"},
				"down": {"uv": [9.4, 7.93333, 10.73333, 8], "texture": "#0"}
			}
		},
		{
			"name": "netherite_sword_3",
			"from": [4.06667, 8, 0],
			"to": [6.66667, 12, 1.06667],
			"faces": {
				"north": {"uv": [6.66667, 4, 4.06667, 8], "texture": "#0"},
				"east": {"uv": [6.6, 4, 6.66667, 8], "texture": "#0"},
				"south": {"uv": [4.06667, 4, 6.66667, 8], "texture": "#0"},
				"west": {"uv": [4.06667, 4, 4.13333, 8], "texture": "#0"},
				"up": {"uv": [4.06667, 4, 6.66667, 4.06667], "texture": "#0"},
				"down": {"uv": [4.06667, 7.93333, 6.66667, 8], "texture": "#0"}
			}
		},
		{
			"name": "netherite_sword_4",
			"from": [8.06667, 4, 0],
			"to": [9.4, 12, 1.06667],
			"faces": {
				"north": {"uv": [9.4, 4, 8.06667, 12], "texture": "#0"},
				"east": {"uv": [9.33333, 4, 9.4, 12], "texture": "#0"},
				"south": {"uv": [8.06667, 4, 9.4, 12], "texture": "#0"},
				"west": {"uv": [8.06667, 4, 8.13333, 12], "texture": "#0"},
				"up": {"uv": [8.06667, 4, 9.4, 4.06667], "texture": "#0"},
				"down": {"uv": [8.06667, 11.93333, 9.4, 12], "texture": "#0"}
			}
		},
		{
			"name": "netherite_sword_5",
			"from": [12.06667, 10.66667, 0],
			"to": [14.66667, 12, 1.06667],
			"faces": {
				"north": {"uv": [14.66667, 4, 12.06667, 5.33333], "texture": "#0"},
				"east": {"uv": [14.6, 4, 14.66667, 5.33333], "texture": "#0"},
				"south": {"uv": [12.06667, 4, 14.66667, 5.33333], "texture": "#0"},
				"west": {"uv": [12.06667, 4, 12.13333, 5.33333], "texture": "#0"},
				"up": {"uv": [12.06667, 4, 14.66667, 4.06667], "texture": "#0"},
				"down": {"uv": [12.06667, 5.26667, 14.66667, 5.33333], "texture": "#0"}
			}
		},
		{
			"name": "netherite_sword_6",
			"from": [6.66667, 5.33333, 0],
			"to": [8.06667, 10.66667, 1.06667],
			"faces": {
				"north": {"uv": [8.06667, 5.33333, 6.66667, 10.66667], "texture": "#0"},
				"east": {"uv": [8, 5.33333, 8.06667, 10.66667], "texture": "#0"},
				"south": {"uv": [6.66667, 5.33333, 8.06667, 10.66667], "texture": "#0"},
				"west": {"uv": [6.66667, 5.33333, 6.73333, 10.66667], "texture": "#0"},
				"up": {"uv": [6.66667, 5.33333, 8.06667, 5.4], "texture": "#0"},
				"down": {"uv": [6.66667, 10.6, 8.06667, 10.66667], "texture": "#0"}
			}
		},
		{
			"name": "netherite_sword_7",
			"from": [12.06667, 9.33333, 0],
			"to": [13.33333, 10.66667, 1.06667],
			"faces": {
				"north": {"uv": [13.33333, 5.33333, 12.06667, 6.66667], "texture": "#0"},
				"east": {"uv": [13.26667, 5.33333, 13.33333, 6.66667], "texture": "#0"},
				"south": {"uv": [12.06667, 5.33333, 13.33333, 6.66667], "texture": "#0"},
				"west": {"uv": [12.06667, 5.33333, 12.13333, 6.66667], "texture": "#0"},
				"up": {"uv": [12.06667, 5.33333, 13.33333, 5.4], "texture": "#0"},
				"down": {"uv": [12.06667, 6.6, 13.33333, 6.66667], "texture": "#0"}
			}
		},
		{
			"name": "netherite_sword_8",
			"from": [10.73333, 8, 0],
			"to": [12, 9.33333, 1.06667],
			"faces": {
				"north": {"uv": [12, 6.66667, 10.73333, 8], "texture": "#0"},
				"east": {"uv": [11.93333, 6.66667, 12, 8], "texture": "#0"},
				"south": {"uv": [10.73333, 6.66667, 12, 8], "texture": "#0"},
				"west": {"uv": [10.73333, 6.66667, 10.8, 8], "texture": "#0"},
				"up": {"uv": [10.73333, 6.66667, 12, 6.73333], "texture": "#0"},
				"down": {"uv": [10.73333, 7.93333, 12, 8], "texture": "#0"}
			}
		},
		{
			"name": "netherite_sword_9",
			"from": [5.4, 4, 0],
			"to": [6.66667, 8, 1.06667],
			"faces": {
				"north": {"uv": [6.66667, 8, 5.4, 12], "texture": "#0"},
				"east": {"uv": [6.6, 8, 6.66667, 12], "texture": "#0"},
				"south": {"uv": [5.4, 8, 6.66667, 12], "texture": "#0"},
				"west": {"uv": [5.4, 8, 5.46667, 12], "texture": "#0"},
				"up": {"uv": [5.4, 8, 6.66667, 8.06667], "texture": "#0"},
				"down": {"uv": [5.4, 11.93333, 6.66667, 12], "texture": "#0"}
			}
		},
		{
			"name": "netherite_sword_10",
			"from": [9.4, 4, 0],
			"to": [10.66667, 8, 1.06667],
			"faces": {
				"north": {"uv": [10.66667, 8, 9.4, 12], "texture": "#0"},
				"east": {"uv": [10.6, 8, 10.66667, 12], "texture": "#0"},
				"south": {"uv": [9.4, 8, 10.66667, 12], "texture": "#0"},
				"west": {"uv": [9.4, 8, 9.46667, 12], "texture": "#0"},
				"up": {"uv": [9.4, 8, 10.66667, 8.06667], "texture": "#0"},
				"down": {"uv": [9.4, 11.93333, 10.66667, 12], "texture": "#0"}
			}
		},
		{
			"name": "netherite_sword_11",
			"from": [4.06667, 4, 0],
			"to": [5.4, 6.66667, 1.06667],
			"faces": {
				"north": {"uv": [5.4, 9.33333, 4.06667, 12], "texture": "#0"},
				"east": {"uv": [5.33333, 9.33333, 5.4, 12], "texture": "#0"},
				"south": {"uv": [4.06667, 9.33333, 5.4, 12], "texture": "#0"},
				"west": {"uv": [4.06667, 9.33333, 4.13333, 12], "texture": "#0"},
				"up": {"uv": [4.06667, 9.33333, 5.4, 9.4], "texture": "#0"},
				"down": {"uv": [4.06667, 11.93333, 5.4, 12], "texture": "#0"}
			}
		},
		{
			"name": "netherite_sword_12",
			"from": [10.66667, 4, 0],
			"to": [12, 6.66667, 1.06667],
			"faces": {
				"north": {"uv": [12, 9.33333, 10.66667, 12], "texture": "#0"},
				"east": {"uv": [11.93333, 9.33333, 12, 12], "texture": "#0"},
				"south": {"uv": [10.66667, 9.33333, 12, 12], "texture": "#0"},
				"west": {"uv": [10.66667, 9.33333, 10.73333, 12], "texture": "#0"},
				"up": {"uv": [10.66667, 9.33333, 12, 9.4], "texture": "#0"},
				"down": {"uv": [10.66667, 11.93333, 12, 12], "texture": "#0"}
			}
		},
		{
			"name": "netherite_sword_13",
			"from": [2.73333, 2.66667, 0],
			"to": [4.06667, 5.33333, 1.06667],
			"faces": {
				"north": {"uv": [4.06667, 10.66667, 2.73333, 13.33333], "texture": "#0"},
				"east": {"uv": [4, 10.66667, 4.06667, 13.33333], "texture": "#0"},
				"south": {"uv": [2.73333, 10.66667, 4.06667, 13.33333], "texture": "#0"},
				"west": {"uv": [2.73333, 10.66667, 2.8, 13.33333], "texture": "#0"},
				"up": {"uv": [2.73333, 10.66667, 4.06667, 10.73333], "texture": "#0"},
				"down": {"uv": [2.73333, 13.26667, 4.06667, 13.33333], "texture": "#0"}
			}
		},
		{
			"name": "netherite_sword_14",
			"from": [0.06667, 1.33333, 0],
			"to": [2.73333, 4, 1.06667],
			"faces": {
				"north": {"uv": [2.73333, 12, 0.06667, 14.66667], "texture": "#0"},
				"east": {"uv": [2.66667, 12, 2.73333, 14.66667], "texture": "#0"},
				"south": {"uv": [0.06667, 12, 2.73333, 14.66667], "texture": "#0"},
				"west": {"uv": [0.06667, 12, 0.13333, 14.66667], "texture": "#0"},
				"up": {"uv": [0.06667, 12, 2.73333, 12.06667], "texture": "#0"},
				"down": {"uv": [0.06667, 14.6, 2.73333, 14.66667], "texture": "#0"}
			}
		},
		{
			"name": "netherite_sword_15",
			"from": [4.06667, 2.66667, 0],
			"to": [5.33333, 4, 1.06667],
			"faces": {
				"north": {"uv": [5.33333, 12, 4.06667, 13.33333], "texture": "#0"},
				"east": {"uv": [5.26667, 12, 5.33333, 13.33333], "texture": "#0"},
				"south": {"uv": [4.06667, 12, 5.33333, 13.33333], "texture": "#0"},
				"west": {"uv": [4.06667, 12, 4.13333, 13.33333], "texture": "#0"},
				"up": {"uv": [4.06667, 12, 5.33333, 12.06667], "texture": "#0"},
				"down": {"uv": [4.06667, 13.26667, 5.33333, 13.33333], "texture": "#0"}
			}
		},
		{
			"name": "netherite_sword_16",
			"from": [2.73333, 0, 0],
			"to": [4, 2.66667, 1.06667],
			"faces": {
				"north": {"uv": [4, 13.33333, 2.73333, 16], "texture": "#0"},
				"east": {"uv": [3.93333, 13.33333, 4, 16], "texture": "#0"},
				"south": {"uv": [2.73333, 13.33333, 4, 16], "texture": "#0"},
				"west": {"uv": [2.73333, 13.33333, 2.8, 16], "texture": "#0"},
				"up": {"uv": [2.73333, 13.33333, 4, 13.4], "texture": "#0"},
				"down": {"uv": [2.73333, 15.93333, 4, 16], "texture": "#0"}
			}
		},
		{
			"name": "netherite_sword_17",
			"from": [1.4, 0, 0],
			"to": [2.73333, 1.33333, 1.06667],
			"faces": {
				"north": {"uv": [2.73333, 14.66667, 1.4, 16], "texture": "#0"},
				"east": {"uv": [2.66667, 14.66667, 2.73333, 16], "texture": "#0"},
				"south": {"uv": [1.4, 14.66667, 2.73333, 16], "texture": "#0"},
				"west": {"uv": [1.4, 14.66667, 1.46667, 16], "texture": "#0"},
				"up": {"uv": [1.4, 14.66667, 2.73333, 14.73333], "texture": "#0"},
				"down": {"uv": [1.4, 15.93333, 2.73333, 16], "texture": "#0"}
			}
		}
	],
	"gui_light": "front",
	"display": {
		"thirdperson_righthand": {
			"rotation": [0, -90, 32],
			"translation": [-5.5, 4, 1.5],
			"scale": [0.75, 0.75, 0.75]
		},
		"thirdperson_lefthand": {
			"rotation": [0, -90, -64],
			"translation": [-5.5, 4, 1.5],
			"scale": [0.75, 0.75, 0.75]
		},
		"firstperson_righthand": {
			"rotation": [0, -90, 28],
			"translation": [-3.75, 3, 2.25],
			"scale": [0.56, 0.55, 0.55]
		},
		"firstperson_lefthand": {
			"rotation": [0, -90, -56],
			"translation": [-3.75, 3, 2.25],
			"scale": [0.56, 0.55, 0.55]
		},
		"ground": {
			"rotation": [0, -90, 73],
			"translation": [-3.75, 3.5, 1.75],
			"scale": [0.56, 0.55, 0.55]
		},
		"gui": {
			"translation": [0, -0.25, 5.75],
			"scale": [0.75, 0.75, 0.75]
		},
		"head": {
			"rotation": [0, -5, 66],
			"translation": [0.25, 0.25, -2.5],
			"scale": [0.56, 0.55, 0.55]
		},
		"fixed": {
			"rotation": [0, 0, -3],
			"translation": [-0.25, -1.25, 5.75],
			"scale": [0.75, 0.75, 0.75]
		}
	},
	"groups": [
		{
			"name": "netherite_sword",
			"origin": [8, 8, 8],
			"color": 0,
			"children": [0, 1, 2, 3, 4, 5, 6, 7, 8, 9, 10, 11, 12, 13, 14, 15, 16, 17]
		}
	]
}