{
	"format_version": "1.9.0",
	"credit": "Made with Blockbench",
	"textures": {
		"0": "item/bucket",
		"particle": "item/bucket"
	},
	"elements": [
		{
			"from": [2, 0, 4],
			"to": [4, 17, 12],
			"light_emission": 6,
			"rotation": {"angle": 0, "axis": "y", "origin": [2, 0, 4]},
			"faces": {
				"north": {"uv": [4, 7, 5, 15], "texture": "#0"},
				"east": {"uv": [5, 9, 11, 14], "texture": "#0"},
				"south": {"uv": [4, 7, 5, 15], "texture": "#0"},
				"west": {"uv": [5, 7, 11, 15], "texture": "#0"},
				"up": {"uv": [3, 8, 4, 9], "texture": "#0"},
				"down": {"uv": [4, 8, 5, 15], "texture": "#0"}
			}
		},
		{
			"from": [12, 0, 4],
			"to": [14, 17, 12],
			"light_emission": 6,
			"rotation": {"angle": 0, "axis": "y", "origin": [12, 0, 4]},
			"faces": {
				"north": {"uv": [4, 7, 5, 15], "texture": "#0"},
				"east": {"uv": [5, 7, 11, 15], "texture": "#0"},
				"south": {"uv": [4, 7, 5, 15], "texture": "#0"},
				"west": {"uv": [5, 9, 11, 14], "texture": "#0"},
				"up": {"uv": [3, 6, 4, 7], "texture": "#0"},
				"down": {"uv": [4, 8, 5, 15], "texture": "#0"}
			}
		},
		{
			"from": [2, 0, 2],
			"to": [14, 17, 4],
			"light_emission": 6,
			"rotation": {"angle": 0, "axis": "y", "origin": [2, 0, 3]},
			"faces": {
				"north": {"uv": [4, 7, 12, 15], "texture": "#0"},
				"east": {"uv": [4, 7, 5, 15], "texture": "#0"},
				"south": {"uv": [5, 9, 11, 14], "texture": "#0"},
				"west": {"uv": [4, 7, 5, 15], "texture": "#0"},
				"up": {"uv": [3, 8, 4, 9], "rotation": 270, "texture": "#0"},
				"down": {"uv": [4, 8, 5, 15], "rotation": 90, "texture": "#0"}
			}
		},
		{
			"from": [2, 0, 12],
			"to": [14, 17, 14],
			"light_emission": 6,
			"rotation": {"angle": 0, "axis": "y", "origin": [2, 0, 13]},
			"faces": {
				"north": {"uv": [5, 9, 11, 14], "texture": "#0"},
				"east": {"uv": [4, 7, 5, 15], "texture": "#0"},
				"south": {"uv": [4, 7, 12, 15], "texture": "#0"},
				"west": {"uv": [4, 7, 5, 15], "texture": "#0"},
				"up": {"uv": [3, 7, 4, 8], "rotation": 270, "texture": "#0"},
				"down": {"uv": [4, 8, 5, 15], "rotation": 90, "texture": "#0"}
			}
		},
		{
			"from": [3, 0, 3],
			"to": [13, 1, 13],
			"light_emission": 6,
			"rotation": {"angle": 0, "axis": "x", "origin": [3, 0, 3]},
			"faces": {
				"north": {"uv": [4, 8, 12, 15], "rotation": 270, "texture": "#0"},
				"east": {"uv": [4, 7, 12, 15], "rotation": 270, "texture": "#0"},
				"south": {"uv": [4, 8, 12, 15], "rotation": 270, "texture": "#0"},
				"west": {"uv": [4, 7, 12, 15], "rotation": 90, "texture": "#0"},
				"up": {"uv": [5, 9, 11, 14], "rotation": 180, "texture": "#0"},
				"down": {"uv": [4, 8, 12, 15], "texture": "#0"}
			}
		}
	],
	"gui_light": "front",
	"display": {
		"thirdperson_righthand": {
			"translation": [0, -1.75, -1.25],
			"scale": [0.5, 0.5, 0.5]
		},
		"thirdperson_lefthand": {
			"translation": [0, -1.75, -1.25],
			"scale": [0.5, 0.5, 0.5]
		},
		"firstperson_righthand": {
			"translation": [-0.75, 0.25, 0],
			"scale": [0.5, 0.5, 0.5]
		},
		"firstperson_lefthand": {
			"translation": [-0.75, 0.25, 0],
			"scale": [0.5, 0.5, 0.5]
		},
		"ground": {
			"rotation": [0, 42, 51],
			"translation": [0, -0.75, 0],
			"scale": [0.5, 0.5, 0.5]
		},
		"gui": {
			"rotation": [17, 24, 0],
			"translation": [0.5, -0.5, 80],
			"scale": [0.75, 0.75, 0.75]
		},
		"head": {
			"rotation": [3, 42, -59],
			"translation": [-0.75, 10, 1.5],
			"scale": [0.5, 0.5, 0.5]
		},
		"fixed": {
			"rotation": [-17, -24, 0],
			"translation": [0, 0, -2],
			"scale": [0.5, 0.5, 0.5]
		}
	},
	"groups": [
		{
			"name": "group",
			"origin": [8, 8, 8],
			"color": 0,
			"children": [0, 1, 2, 3, 4]
		}
	]
}