{
	"format_version": "1.9.0",
	"credit": "Made with Blockbench",
	"textures": {
		"0": "item/fishing_rod",
		"1": "block/frosted_ice_3",
		"particle": "item/fishing_rod"
	},
	"elements": [
		{
			"from": [8, 9, 7],
			"to": [9, 11, 9],
			"rotation": {"angle": 0, "axis": "y", "origin": [8, 9, 7]},
			"faces": {
				"north": {"uv": [7, 8, 9, 10], "texture": "#0"},
				"east": {"uv": [7, 8, 9, 10], "texture": "#0"},
				"south": {"uv": [10, 5, 12, 7], "texture": "#0"},
				"west": {"uv": [7, 8, 9, 10], "texture": "#0"},
				"up": {"uv": [7, 8, 9, 10], "texture": "#0"},
				"down": {"uv": [11, 4, 13, 6], "texture": "#0"}
			}
		},
		{
			"from": [8, 7, 5],
			"to": [9, 9, 7],
			"rotation": {"angle": 0, "axis": "y", "origin": [8, 7, 5]},
			"faces": {
				"north": {"uv": [7, 8, 9, 10], "texture": "#0"},
				"east": {"uv": [7, 8, 9, 10], "texture": "#0"},
				"south": {"uv": [10, 5, 12, 7], "texture": "#0"},
				"west": {"uv": [7, 8, 9, 10], "texture": "#0"},
				"up": {"uv": [7, 8, 9, 10], "texture": "#0"},
				"down": {"uv": [11, 4, 13, 6], "texture": "#0"}
			}
		},
		{
			"from": [8, 6, 4],
			"to": [9, 8, 6],
			"rotation": {"angle": 0, "axis": "y", "origin": [8, 6, 4]},
			"faces": {
				"north": {"uv": [1, 14, 3, 16], "texture": "#0"},
				"east": {"uv": [7, 8, 9, 10], "texture": "#0"},
				"south": {"uv": [10, 5, 12, 7], "texture": "#0"},
				"west": {"uv": [7, 8, 9, 10], "texture": "#0"},
				"up": {"uv": [7, 8, 9, 10], "texture": "#0"},
				"down": {"uv": [11, 4, 13, 6], "texture": "#0"}
			}
		},
		{
			"from": [8, 5, 3],
			"to": [9, 7, 5],
			"rotation": {"angle": 0, "axis": "y", "origin": [8, 5, 3]},
			"faces": {
				"north": {"uv": [1, 14, 3, 16], "texture": "#0"},
				"east": {"uv": [7, 8, 9, 10], "texture": "#0"},
				"south": {"uv": [10, 5, 12, 7], "texture": "#0"},
				"west": {"uv": [7, 8, 9, 10], "texture": "#0"},
				"up": {"uv": [7, 8, 9, 10], "texture": "#0"},
				"down": {"uv": [11, 4, 13, 6], "texture": "#0"}
			}
		},
		{
			"from": [8, 4, 2],
			"to": [9, 6, 4],
			"rotation": {"angle": 0, "axis": "y", "origin": [8, 4, 2]},
			"faces": {
				"north": {"uv": [1, 14, 3, 16], "texture": "#0"},
				"east": {"uv": [7, 8, 9, 10], "texture": "#0"},
				"south": {"uv": [10, 5, 12, 7], "texture": "#0"},
				"west": {"uv": [7, 8, 9, 10], "texture": "#0"},
				"up": {"uv": [7, 8, 9, 10], "texture": "#0"},
				"down": {"uv": [11, 4, 13, 6], "texture": "#0"}
			}
		},
		{
			"from": [8, 3, 1],
			"to": [9, 5, 3],
			"rotation": {"angle": 0, "axis": "y", "origin": [8, 3, 1]},
			"faces": {
				"north": {"uv": [1, 14, 3, 16], "texture": "#0"},
				"east": {"uv": [7, 8, 9, 10], "texture": "#0"},
				"south": {"uv": [10, 5, 12, 7], "texture": "#0"},
				"west": {"uv": [7, 8, 9, 10], "texture": "#0"},
				"up": {"uv": [7, 8, 9, 10], "texture": "#0"},
				"down": {"uv": [11, 4, 13, 6], "texture": "#0"}
			}
		},
		{
			"from": [8, 2, 0],
			"to": [9, 4, 2],
			"rotation": {"angle": 0, "axis": "y", "origin": [8, 2, 0]},
			"faces": {
				"north": {"uv": [7, 8, 9, 10], "texture": "#0"},
				"east": {"uv": [7, 8, 9, 10], "texture": "#0"},
				"south": {"uv": [10, 5, 12, 7], "texture": "#0"},
				"west": {"uv": [7, 8, 9, 10], "texture": "#0"},
				"up": {"uv": [7, 8, 9, 10], "texture": "#0"},
				"down": {"uv": [11, 4, 13, 6], "texture": "#0"}
			}
		},
		{
			"from": [8, 1, -1],
			"to": [9, 3, 1],
			"rotation": {"angle": 0, "axis": "y", "origin": [8, 1, -1]},
			"faces": {
				"north": {"uv": [1, 14, 3, 16], "texture": "#0"},
				"east": {"uv": [7, 8, 9, 10], "texture": "#0"},
				"south": {"uv": [10, 5, 12, 7], "texture": "#0"},
				"west": {"uv": [7, 8, 9, 10], "texture": "#0"},
				"up": {"uv": [7, 8, 9, 10], "texture": "#0"},
				"down": {"uv": [11, 4, 13, 6], "texture": "#0"}
			}
		},
		{
			"from": [8, 0, -2],
			"to": [9, 2, 0],
			"rotation": {"angle": 0, "axis": "y", "origin": [8, 0, -2]},
			"faces": {
				"north": {"uv": [9, 6, 11, 8], "texture": "#0"},
				"east": {"uv": [7, 8, 9, 10], "texture": "#0"},
				"south": {"uv": [10, 5, 12, 7], "texture": "#0"},
				"west": {"uv": [7, 8, 9, 10], "texture": "#0"},
				"up": {"uv": [7, 8, 9, 10], "texture": "#0"},
				"down": {"uv": [11, 4, 13, 6], "texture": "#0"}
			}
		},
		{
			"from": [8, -1, -3],
			"to": [9, 1, -1],
			"rotation": {"angle": 0, "axis": "y", "origin": [8, -1, -3]},
			"faces": {
				"north": {"uv": [1, 14, 3, 16], "texture": "#0"},
				"east": {"uv": [7, 8, 9, 10], "texture": "#0"},
				"south": {"uv": [10, 5, 12, 7], "texture": "#0"},
				"west": {"uv": [7, 8, 9, 10], "texture": "#0"},
				"up": {"uv": [7, 8, 9, 10], "texture": "#0"},
				"down": {"uv": [11, 4, 13, 6], "texture": "#0"}
			}
		},
		{
			"from": [8, -2, -4],
			"to": [9, 0, -2],
			"rotation": {"angle": 0, "axis": "y", "origin": [8, -2, -4]},
			"faces": {
				"north": {"uv": [1, 14, 3, 16], "texture": "#0"},
				"east": {"uv": [7, 8, 9, 10], "texture": "#0"},
				"south": {"uv": [10, 5, 12, 7], "texture": "#0"},
				"west": {"uv": [7, 8, 9, 10], "texture": "#0"},
				"up": {"uv": [7, 8, 9, 10], "texture": "#0"},
				"down": {"uv": [11, 4, 13, 6], "texture": "#0"}
			}
		},
		{
			"from": [8, -3, -5],
			"to": [9, -1, -3],
			"rotation": {"angle": 0, "axis": "y", "origin": [8, -3, -5]},
			"faces": {
				"north": {"uv": [1, 14, 3, 16], "texture": "#0"},
				"east": {"uv": [7, 8, 9, 10], "texture": "#0"},
				"south": {"uv": [10, 5, 12, 7], "texture": "#0"},
				"west": {"uv": [7, 8, 9, 10], "texture": "#0"},
				"up": {"uv": [7, 8, 9, 10], "texture": "#0"},
				"down": {"uv": [11, 4, 13, 6], "texture": "#0"}
			}
		},
		{
			"from": [8, -4, -6],
			"to": [9, -2, -4],
			"rotation": {"angle": 0, "axis": "y", "origin": [8, -4, -6]},
			"faces": {
				"north": {"uv": [11, 4, 13, 6], "texture": "#0"},
				"east": {"uv": [7, 8, 9, 10], "texture": "#0"},
				"south": {"uv": [10, 5, 12, 7], "texture": "#0"},
				"west": {"uv": [7, 8, 9, 10], "texture": "#0"},
				"up": {"uv": [7, 8, 9, 10], "texture": "#0"},
				"down": {"uv": [11, 4, 13, 6], "texture": "#0"}
			}
		},
		{
			"from": [8, 8, 6],
			"to": [9, 10, 8],
			"rotation": {"angle": 0, "axis": "y", "origin": [8, 8, 6]},
			"faces": {
				"north": {"uv": [1, 14, 3, 16], "texture": "#0"},
				"east": {"uv": [7, 8, 9, 10], "texture": "#0"},
				"south": {"uv": [10, 5, 12, 7], "texture": "#0"},
				"west": {"uv": [7, 8, 9, 10], "texture": "#0"},
				"up": {"uv": [7, 8, 9, 10], "texture": "#0"},
				"down": {"uv": [11, 4, 13, 6], "texture": "#0"}
			}
		},
		{
			"from": [8, -5, -7],
			"to": [9, -3, -5],
			"rotation": {"angle": 0, "axis": "y", "origin": [8, -5, -7]},
			"faces": {
				"north": {"uv": [11, 4, 13, 6], "texture": "#0"},
				"east": {"uv": [7, 8, 9, 10], "texture": "#0"},
				"south": {"uv": [10, 5, 12, 7], "texture": "#0"},
				"west": {"uv": [7, 8, 9, 10], "texture": "#0"},
				"up": {"uv": [7, 8, 9, 10], "texture": "#0"},
				"down": {"uv": [11, 4, 13, 6], "texture": "#0"}
			}
		},
		{
			"from": [9, -1, -4],
			"to": [10, 0, -3],
			"rotation": {"angle": 0, "axis": "y", "origin": [9, -1, -4]},
			"faces": {
				"north": {"uv": [14, 3, 15, 5], "texture": "#0"},
				"east": {"uv": [5, 9, 6, 10], "texture": "#0"},
				"south": {"uv": [14, 4, 15, 6], "texture": "#0"},
				"west": {"uv": [13, 6, 14, 8], "texture": "#0"},
				"up": {"uv": [6, 8, 7, 9], "texture": "#0"},
				"down": {"uv": [6, 8, 7, 9], "texture": "#0"}
			}
		},
		{
			"from": [9, -3, -3],
			"to": [10, -1, -1],
			"rotation": {"angle": 0, "axis": "y", "origin": [9, -3, -3]},
			"faces": {
				"north": {"uv": [0, 0, 1, 2], "texture": "#missing"},
				"east": {"uv": [5, 12, 7, 14], "texture": "#0"},
				"south": {"uv": [6, 12, 7, 14], "texture": "#0"},
				"west": {"uv": [5, 12, 7, 14], "texture": "#0"},
				"up": {"uv": [0, 0, 1, 2], "texture": "#missing"},
				"down": {"uv": [5, 12, 6, 14], "texture": "#0"}
			}
		},
		{
			"from": [9, -1, -3],
			"to": [10, 0, -1],
			"rotation": {"angle": 0, "axis": "x", "origin": [9, 0, -3]},
			"faces": {
				"north": {"uv": [0, 0, 1, 1], "rotation": 180, "texture": "#missing"},
				"east": {"uv": [4, 12, 5, 14], "rotation": 270, "texture": "#0"},
				"south": {"uv": [4, 12, 5, 13], "texture": "#0"},
				"west": {"uv": [0, 0, 1, 2], "rotation": 90, "texture": "#missing"},
				"up": {"uv": [5, 11, 7, 12], "rotation": 180, "texture": "#0"},
				"down": {"uv": [0, 0, 1, 2], "texture": "#missing"}
			}
		},
		{
			"from": [9, -3, -4],
			"to": [10, -1, -3],
			"rotation": {"angle": 0, "axis": "y", "origin": [9, -3, -4]},
			"faces": {
				"north": {"uv": [4, 12, 5, 14], "texture": "#0"},
				"east": {"uv": [4, 12, 5, 14], "texture": "#0"},
				"south": {"uv": [0, 0, 1, 2], "texture": "#missing"},
				"west": {"uv": [0, 0, 1, 2], "texture": "#missing"},
				"up": {"uv": [0, 0, 1, 1], "texture": "#missing"},
				"down": {"uv": [5, 11, 6, 12], "texture": "#0"}
			}
		},
		{
			"from": [8, 10.5, 6.5],
			"to": [8.5, 11, 7],
			"rotation": {"angle": 0, "axis": "y", "origin": [8, 10, 7]},
			"faces": {
				"north": {"uv": [8, 6, 9, 7], "texture": "#0"},
				"east": {"uv": [12, 2, 13, 3], "texture": "#0"},
				"south": {"uv": [5, 9, 6, 10], "texture": "#0"},
				"west": {"uv": [7, 7, 8, 8], "texture": "#0"},
				"up": {"uv": [9, 5, 10, 6], "texture": "#0"},
				"down": {"uv": [6, 8, 7, 9], "texture": "#0"}
			}
		},
		{
			"from": [8, 10, 6.5],
			"to": [8.5, 10.5, 7],
			"rotation": {"angle": 0, "axis": "y", "origin": [8, 10, 7]},
			"faces": {
				"north": {"uv": [8, 6, 9, 7], "texture": "#0"},
				"east": {"uv": [12, 2, 13, 3], "texture": "#0"},
				"south": {"uv": [5, 9, 6, 10], "texture": "#0"},
				"west": {"uv": [7, 7, 8, 8], "texture": "#0"},
				"up": {"uv": [9, 5, 10, 6], "texture": "#0"},
				"down": {"uv": [6, 8, 7, 9], "texture": "#0"}
			}
		},
		{
			"from": [8, 10, 6],
			"to": [8.5, 10.5, 6.5],
			"rotation": {"angle": 0, "axis": "y", "origin": [8, 10, 6]},
			"faces": {
				"north": {"uv": [8, 6, 9, 7], "texture": "#0"},
				"east": {"uv": [12, 2, 13, 3], "texture": "#0"},
				"south": {"uv": [5, 9, 6, 10], "texture": "#0"},
				"west": {"uv": [7, 7, 8, 8], "texture": "#0"},
				"up": {"uv": [9, 5, 10, 6], "texture": "#0"},
				"down": {"uv": [6, 8, 7, 9], "texture": "#0"}
			}
		},
		{
			"from": [8, 11, 7],
			"to": [8.5, 11.5, 9.5],
			"rotation": {"angle": 0, "axis": "y", "origin": [8, 11, 8]},
			"faces": {
				"north": {"uv": [8, 6, 9, 7], "texture": "#0"},
				"east": {"uv": [12, 2, 13, 3], "texture": "#0"},
				"south": {"uv": [5, 9, 6, 10], "texture": "#0"},
				"west": {"uv": [7, 7, 8, 8], "texture": "#0"},
				"up": {"uv": [9, 5, 10, 6], "texture": "#0"},
				"down": {"uv": [6, 8, 7, 9], "texture": "#0"}
			}
		},
		{
			"from": [8.5, 9, 9],
			"to": [9, 11.5, 9.5],
			"rotation": {"angle": 0, "axis": "y", "origin": [8, 9, 10]},
			"faces": {
				"north": {"uv": [8, 6, 9, 7], "texture": "#0"},
				"east": {"uv": [12, 2, 13, 3], "texture": "#0"},
				"south": {"uv": [5, 9, 6, 10], "texture": "#0"},
				"west": {"uv": [7, 7, 8, 8], "texture": "#0"},
				"up": {"uv": [9, 5, 10, 6], "texture": "#0"},
				"down": {"uv": [6, 8, 7, 9], "texture": "#0"}
			}
		},
		{
			"from": [9, 8.5, 8],
			"to": [8.5, 9, 8.5],
			"rotation": {"angle": 0, "axis": "y", "origin": [9, 8, 9]},
			"faces": {
				"north": {"uv": [8, 6, 9, 7], "texture": "#0"},
				"east": {"uv": [12, 2, 13, 3], "texture": "#0"},
				"south": {"uv": [5, 9, 6, 10], "texture": "#0"},
				"west": {"uv": [7, 7, 8, 8], "texture": "#0"},
				"up": {"uv": [9, 5, 10, 6], "texture": "#0"},
				"down": {"uv": [6, 8, 7, 9], "texture": "#0"}
			}
		},
		{
			"from": [9, 8.5, 8],
			"to": [8.5, 8, 8.5],
			"rotation": {"angle": 0, "axis": "y", "origin": [9, 8, 9]},
			"faces": {
				"north": {"uv": [8, 6, 9, 7], "texture": "#0"},
				"east": {"uv": [12, 2, 13, 3], "texture": "#0"},
				"south": {"uv": [5, 9, 6, 10], "texture": "#0"},
				"west": {"uv": [7, 7, 8, 8], "texture": "#0"},
				"up": {"uv": [9, 5, 10, 6], "texture": "#0"},
				"down": {"uv": [6, 8, 7, 9], "texture": "#0"}
			}
		},
		{
			"from": [9, 8.5, 8.5],
			"to": [8.5, 9, 9],
			"rotation": {"angle": 0, "axis": "y", "origin": [9, 8, 9]},
			"faces": {
				"north": {"uv": [8, 6, 9, 7], "texture": "#0"},
				"east": {"uv": [12, 2, 13, 3], "texture": "#0"},
				"south": {"uv": [5, 9, 6, 10], "texture": "#0"},
				"west": {"uv": [7, 7, 8, 8], "texture": "#0"},
				"up": {"uv": [9, 5, 10, 6], "texture": "#0"},
				"down": {"uv": [6, 8, 7, 9], "texture": "#0"}
			}
		},
		{
			"from": [9, 7.5, 7],
			"to": [8.5, 8, 7.5],
			"rotation": {"angle": 0, "axis": "y", "origin": [9, 7, 8]},
			"faces": {
				"north": {"uv": [8, 6, 9, 7], "texture": "#0"},
				"east": {"uv": [12, 2, 13, 3], "texture": "#0"},
				"south": {"uv": [5, 9, 6, 10], "texture": "#0"},
				"west": {"uv": [7, 7, 8, 8], "texture": "#0"},
				"up": {"uv": [9, 5, 10, 6], "texture": "#0"},
				"down": {"uv": [6, 8, 7, 9], "texture": "#0"}
			}
		},
		{
			"from": [9, 7.5, 7],
			"to": [8.5, 7, 7.5],
			"rotation": {"angle": 0, "axis": "y", "origin": [9, 7, 8]},
			"faces": {
				"north": {"uv": [8, 6, 9, 7], "texture": "#0"},
				"east": {"uv": [12, 2, 13, 3], "texture": "#0"},
				"south": {"uv": [5, 9, 6, 10], "texture": "#0"},
				"west": {"uv": [7, 7, 8, 8], "texture": "#0"},
				"up": {"uv": [9, 5, 10, 6], "texture": "#0"},
				"down": {"uv": [6, 8, 7, 9], "texture": "#0"}
			}
		},
		{
			"from": [9, 7.5, 7.5],
			"to": [8.5, 8, 8],
			"rotation": {"angle": 0, "axis": "y", "origin": [9, 7, 8]},
			"faces": {
				"north": {"uv": [8, 6, 9, 7], "texture": "#0"},
				"east": {"uv": [12, 2, 13, 3], "texture": "#0"},
				"south": {"uv": [5, 9, 6, 10], "texture": "#0"},
				"west": {"uv": [7, 7, 8, 8], "texture": "#0"},
				"up": {"uv": [9, 5, 10, 6], "texture": "#0"},
				"down": {"uv": [6, 8, 7, 9], "texture": "#0"}
			}
		},
		{
			"from": [8, 9.5, 5.5],
			"to": [8.5, 10, 6],
			"rotation": {"angle": 0, "axis": "y", "origin": [8, 9, 6]},
			"faces": {
				"north": {"uv": [8, 6, 9, 7], "texture": "#0"},
				"east": {"uv": [12, 2, 13, 3], "texture": "#0"},
				"south": {"uv": [5, 9, 6, 10], "texture": "#0"},
				"west": {"uv": [7, 7, 8, 8], "texture": "#0"},
				"up": {"uv": [9, 5, 10, 6], "texture": "#0"},
				"down": {"uv": [6, 8, 7, 9], "texture": "#0"}
			}
		},
		{
			"from": [8, 9, 5.5],
			"to": [8.5, 9.5, 6],
			"rotation": {"angle": 0, "axis": "y", "origin": [8, 9, 6]},
			"faces": {
				"north": {"uv": [8, 6, 9, 7], "texture": "#0"},
				"east": {"uv": [12, 2, 13, 3], "texture": "#0"},
				"south": {"uv": [5, 9, 6, 10], "texture": "#0"},
				"west": {"uv": [7, 7, 8, 8], "texture": "#0"},
				"up": {"uv": [9, 5, 10, 6], "texture": "#0"},
				"down": {"uv": [6, 8, 7, 9], "texture": "#0"}
			}
		},
		{
			"from": [8, 9, 5],
			"to": [8.5, 9.5, 5.5],
			"rotation": {"angle": 0, "axis": "y", "origin": [8, 9, 5]},
			"faces": {
				"north": {"uv": [8, 6, 9, 7], "texture": "#0"},
				"east": {"uv": [12, 2, 13, 3], "texture": "#0"},
				"south": {"uv": [5, 9, 6, 10], "texture": "#0"},
				"west": {"uv": [7, 7, 8, 8], "texture": "#0"},
				"up": {"uv": [9, 5, 10, 6], "texture": "#0"},
				"down": {"uv": [6, 8, 7, 9], "texture": "#0"}
			}
		},
		{
			"from": [8.5, 8.5, 4.5],
			"to": [9, 9, 5],
			"rotation": {"angle": 0, "axis": "y", "origin": [9, 8, 5]},
			"faces": {
				"north": {"uv": [8, 6, 9, 7], "texture": "#0"},
				"east": {"uv": [12, 2, 13, 3], "texture": "#0"},
				"south": {"uv": [5, 9, 6, 10], "texture": "#0"},
				"west": {"uv": [7, 7, 8, 8], "texture": "#0"},
				"up": {"uv": [9, 5, 10, 6], "texture": "#0"},
				"down": {"uv": [6, 8, 7, 9], "texture": "#0"}
			}
		},
		{
			"from": [8.5, 8, 4.5],
			"to": [9, 8.5, 5],
			"rotation": {"angle": 0, "axis": "y", "origin": [9, 8, 5]},
			"faces": {
				"north": {"uv": [8, 6, 9, 7], "texture": "#0"},
				"east": {"uv": [12, 2, 13, 3], "texture": "#0"},
				"south": {"uv": [5, 9, 6, 10], "texture": "#0"},
				"west": {"uv": [7, 7, 8, 8], "texture": "#0"},
				"up": {"uv": [9, 5, 10, 6], "texture": "#0"},
				"down": {"uv": [6, 8, 7, 9], "texture": "#0"}
			}
		},
		{
			"from": [8.5, 8, 4],
			"to": [9, 8.5, 4.5],
			"rotation": {"angle": 0, "axis": "y", "origin": [9, 8, 4]},
			"faces": {
				"north": {"uv": [8, 6, 9, 7], "texture": "#0"},
				"east": {"uv": [12, 2, 13, 3], "texture": "#0"},
				"south": {"uv": [5, 9, 6, 10], "texture": "#0"},
				"west": {"uv": [7, 7, 8, 8], "texture": "#0"},
				"up": {"uv": [9, 5, 10, 6], "texture": "#0"},
				"down": {"uv": [6, 8, 7, 9], "texture": "#0"}
			}
		},
		{
			"from": [9, 7.5, 3.5],
			"to": [9.5, 8, 4],
			"rotation": {"angle": 0, "axis": "y", "origin": [9, 7, 4]},
			"faces": {
				"north": {"uv": [8, 6, 9, 7], "texture": "#0"},
				"east": {"uv": [12, 2, 13, 3], "texture": "#0"},
				"south": {"uv": [5, 9, 6, 10], "texture": "#0"},
				"west": {"uv": [7, 7, 8, 8], "texture": "#0"},
				"up": {"uv": [9, 5, 10, 6], "texture": "#0"},
				"down": {"uv": [6, 8, 7, 9], "texture": "#0"}
			}
		},
		{
			"from": [9, 7, 3.5],
			"to": [9.5, 7.5, 4],
			"rotation": {"angle": 0, "axis": "y", "origin": [9, 6, 4]},
			"faces": {
				"north": {"uv": [8, 6, 9, 7], "texture": "#0"},
				"east": {"uv": [12, 2, 13, 3], "texture": "#0"},
				"south": {"uv": [5, 9, 6, 10], "texture": "#0"},
				"west": {"uv": [7, 7, 8, 8], "texture": "#0"},
				"up": {"uv": [9, 5, 10, 6], "texture": "#0"},
				"down": {"uv": [6, 8, 7, 9], "texture": "#0"}
			}
		},
		{
			"from": [9, 7, 3],
			"to": [9.5, 7.5, 3.5],
			"rotation": {"angle": 0, "axis": "y", "origin": [9, 6, 3]},
			"faces": {
				"north": {"uv": [8, 6, 9, 7], "texture": "#0"},
				"east": {"uv": [12, 2, 13, 3], "texture": "#0"},
				"south": {"uv": [5, 9, 6, 10], "texture": "#0"},
				"west": {"uv": [7, 7, 8, 8], "texture": "#0"},
				"up": {"uv": [9, 5, 10, 6], "texture": "#0"},
				"down": {"uv": [6, 8, 7, 9], "texture": "#0"}
			}
		},
		{
			"from": [9, 6.5, 2.5],
			"to": [9.5, 7, 3],
			"rotation": {"angle": 0, "axis": "y", "origin": [9, 6, 3]},
			"faces": {
				"north": {"uv": [8, 6, 9, 7], "texture": "#0"},
				"east": {"uv": [12, 2, 13, 3], "texture": "#0"},
				"south": {"uv": [5, 9, 6, 10], "texture": "#0"},
				"west": {"uv": [7, 7, 8, 8], "texture": "#0"},
				"up": {"uv": [9, 5, 10, 6], "texture": "#0"},
				"down": {"uv": [6, 8, 7, 9], "texture": "#0"}
			}
		},
		{
			"from": [9, 5, 2.5],
			"to": [9.5, 6.5, 3],
			"rotation": {"angle": 0, "axis": "y", "origin": [9, 4, 3]},
			"faces": {
				"north": {"uv": [8, 6, 9, 7], "texture": "#0"},
				"east": {"uv": [12, 2, 13, 3], "texture": "#0"},
				"south": {"uv": [5, 9, 6, 10], "texture": "#0"},
				"west": {"uv": [7, 7, 8, 8], "texture": "#0"},
				"up": {"uv": [9, 5, 10, 6], "texture": "#0"},
				"down": {"uv": [6, 8, 7, 9], "texture": "#0"}
			}
		},
		{
			"from": [9, 6.5, 3],
			"to": [9.5, 7, 3.5],
			"rotation": {"angle": 0, "axis": "y", "origin": [9, 6, 3]},
			"faces": {
				"north": {"uv": [8, 6, 9, 7], "texture": "#0"},
				"east": {"uv": [12, 2, 13, 3], "texture": "#0"},
				"south": {"uv": [5, 9, 6, 10], "texture": "#0"},
				"west": {"uv": [7, 7, 8, 8], "texture": "#0"},
				"up": {"uv": [9, 5, 10, 6], "texture": "#0"},
				"down": {"uv": [6, 8, 7, 9], "texture": "#0"}
			}
		},
		{
			"from": [9, 7.5, 4],
			"to": [9.5, 8.5, 4.5],
			"rotation": {"angle": 0, "axis": "y", "origin": [9, 7, 4]},
			"faces": {
				"north": {"uv": [8, 6, 9, 7], "texture": "#0"},
				"east": {"uv": [12, 2, 13, 3], "texture": "#0"},
				"south": {"uv": [5, 9, 6, 10], "texture": "#0"},
				"west": {"uv": [7, 7, 8, 8], "texture": "#0"},
				"up": {"uv": [9, 5, 10, 6], "texture": "#0"},
				"down": {"uv": [6, 8, 7, 9], "texture": "#0"}
			}
		},
		{
			"from": [9, 2, -2.5],
			"to": [9.5, 2.5, 1.5],
			"rotation": {"angle": 0, "axis": "y", "origin": [10, 1, -2]},
			"faces": {
				"north": {"uv": [8, 6, 9, 7], "texture": "#0"},
				"east": {"uv": [12, 2, 13, 3], "texture": "#0"},
				"south": {"uv": [5, 9, 6, 10], "texture": "#0"},
				"west": {"uv": [7, 7, 8, 8], "texture": "#0"},
				"up": {"uv": [9, 5, 10, 6], "texture": "#0"},
				"down": {"uv": [6, 8, 7, 9], "texture": "#0"}
			}
		},
		{
			"from": [8.5, 9, 5],
			"to": [9, 9.5, 5.5],
			"rotation": {"angle": 0, "axis": "y", "origin": [9, 8, 5]},
			"faces": {
				"north": {"uv": [8, 6, 9, 7], "texture": "#0"},
				"east": {"uv": [12, 2, 13, 3], "texture": "#0"},
				"south": {"uv": [5, 9, 6, 10], "texture": "#0"},
				"west": {"uv": [7, 7, 8, 8], "texture": "#0"},
				"up": {"uv": [9, 5, 10, 6], "texture": "#0"},
				"down": {"uv": [6, 8, 7, 9], "texture": "#0"}
			}
		},
		{
			"from": [9, 2.5, 1],
			"to": [9.5, 4, 1.5],
			"rotation": {"angle": 0, "axis": "x", "origin": [10, 2, 2]},
			"faces": {
				"north": {"uv": [9, 5, 10, 6], "rotation": 180, "texture": "#0"},
				"east": {"uv": [12, 2, 13, 3], "rotation": 90, "texture": "#0"},
				"south": {"uv": [6, 8, 7, 9], "texture": "#0"},
				"west": {"uv": [7, 7, 8, 8], "rotation": 270, "texture": "#0"},
				"up": {"uv": [5, 9, 6, 10], "texture": "#0"},
				"down": {"uv": [8, 6, 9, 7], "rotation": 180, "texture": "#0"}
			}
		},
		{
			"from": [9, 4, 1],
			"to": [9.5, 4.5, 2.5],
			"rotation": {"angle": 0, "axis": "y", "origin": [10, 3, 1]},
			"faces": {
				"north": {"uv": [8, 6, 9, 7], "texture": "#0"},
				"east": {"uv": [12, 2, 13, 3], "texture": "#0"},
				"south": {"uv": [5, 9, 6, 10], "texture": "#0"},
				"west": {"uv": [7, 7, 8, 8], "texture": "#0"},
				"up": {"uv": [9, 5, 10, 6], "texture": "#0"},
				"down": {"uv": [6, 8, 7, 9], "texture": "#0"}
			}
		},
		{
			"from": [9, -0.5, -4],
			"to": [9.5, 1, -3.5],
			"rotation": {"angle": 0, "axis": "y", "origin": [10, -1, -3]},
			"faces": {
				"north": {"uv": [9, 5, 10, 6], "rotation": 180, "texture": "#0"},
				"east": {"uv": [12, 2, 13, 3], "rotation": 90, "texture": "#0"},
				"south": {"uv": [6, 8, 7, 9], "texture": "#0"},
				"west": {"uv": [7, 7, 8, 8], "rotation": 270, "texture": "#0"},
				"up": {"uv": [5, 9, 6, 10], "texture": "#0"},
				"down": {"uv": [8, 6, 9, 7], "rotation": 180, "texture": "#0"}
			}
		},
		{
			"from": [9, 1, -4],
			"to": [9.5, 1.5, -2.5],
			"rotation": {"angle": 0, "axis": "x", "origin": [10, 1, -4]},
			"faces": {
				"north": {"uv": [8, 6, 9, 7], "texture": "#0"},
				"east": {"uv": [12, 2, 13, 3], "texture": "#0"},
				"south": {"uv": [5, 9, 6, 10], "texture": "#0"},
				"west": {"uv": [7, 7, 8, 8], "texture": "#0"},
				"up": {"uv": [9, 5, 10, 6], "texture": "#0"},
				"down": {"uv": [6, 8, 7, 9], "texture": "#0"}
			}
		},
		{
			"from": [9, 4, 2],
			"to": [9.5, 4.5, 2.5],
			"rotation": {"angle": 0, "axis": "y", "origin": [9, 4, 3]},
			"faces": {
				"north": {"uv": [8, 6, 9, 7], "texture": "#0"},
				"east": {"uv": [12, 2, 13, 3], "texture": "#0"},
				"south": {"uv": [5, 9, 6, 10], "texture": "#0"},
				"west": {"uv": [7, 7, 8, 8], "texture": "#0"},
				"up": {"uv": [9, 5, 10, 6], "texture": "#0"},
				"down": {"uv": [6, 8, 7, 9], "texture": "#0"}
			}
		},
		{
			"from": [9, 4, 1.5],
			"to": [9.5, 4.5, 2],
			"rotation": {"angle": 0, "axis": "y", "origin": [9, 3, 2]},
			"faces": {
				"north": {"uv": [8, 6, 9, 7], "texture": "#0"},
				"east": {"uv": [12, 2, 13, 3], "texture": "#0"},
				"south": {"uv": [5, 9, 6, 10], "texture": "#0"},
				"west": {"uv": [7, 7, 8, 8], "texture": "#0"},
				"up": {"uv": [9, 5, 10, 6], "texture": "#0"},
				"down": {"uv": [6, 8, 7, 9], "texture": "#0"}
			}
		},
		{
			"from": [9, 4.5, 2],
			"to": [9.5, 5, 2.5],
			"rotation": {"angle": 0, "axis": "y", "origin": [9, 4, 2]},
			"faces": {
				"north": {"uv": [8, 6, 9, 7], "texture": "#0"},
				"east": {"uv": [12, 2, 13, 3], "texture": "#0"},
				"south": {"uv": [5, 9, 6, 10], "texture": "#0"},
				"west": {"uv": [7, 7, 8, 8], "texture": "#0"},
				"up": {"uv": [9, 5, 10, 6], "texture": "#0"},
				"down": {"uv": [6, 8, 7, 9], "texture": "#0"}
			}
		},
		{
			"from": [8, 1, -5],
			"to": [10, 3, -2],
			"light_emission": 4,
			"rotation": {"angle": 22.5, "axis": "x", "origin": [7, 1, 0]},
			"faces": {
				"north": {"uv": [8, 7, 10, 9], "texture": "#0"},
				"east": {"uv": [7, 8, 9, 10], "texture": "#0"},
				"south": {"uv": [9, 6, 11, 8], "texture": "#0"},
				"west": {"uv": [12, 3, 14, 5], "texture": "#0"},
				"up": {"uv": [10, 5, 12, 7], "texture": "#0"},
				"down": {"uv": [1, 14, 3, 16], "texture": "#0"}
			}
		},
		{
			"from": [8, 2, -6],
			"to": [10, 3, -5],
			"light_emission": 4,
			"rotation": {"angle": 22.5, "axis": "x", "origin": [8, 0.95, 0.05]},
			"faces": {
				"north": {"uv": [10, 5, 12, 6], "texture": "#0"},
				"east": {"uv": [3, 13, 4, 14], "texture": "#0"},
				"south": {"uv": [0, 0, 2, 1], "texture": "#missing"},
				"west": {"uv": [9, 7, 10, 8], "texture": "#0"},
				"up": {"uv": [6, 9, 8, 10], "texture": "#0"},
				"down": {"uv": [12, 3, 14, 4], "texture": "#0"}
			}
		},
		{
			"from": [8, 2, -2],
			"to": [10, 3, -1],
			"light_emission": 4,
			"rotation": {"angle": 22.5, "axis": "x", "origin": [7, 0.95, 0.05]},
			"faces": {
				"north": {"uv": [0, 0, 2, 1], "texture": "#missing"},
				"east": {"uv": [10, 5, 11, 6], "texture": "#0"},
				"south": {"uv": [12, 3, 14, 4], "texture": "#0"},
				"west": {"uv": [11, 4, 12, 5], "texture": "#0"},
				"up": {"uv": [6, 9, 8, 10], "texture": "#0"},
				"down": {"uv": [8, 7, 10, 8], "texture": "#0"}
			}
		},
		{
			"from": [6, 4, -7],
			"to": [7, 5.56, -5.75],
			"light_emission": 4,
			"rotation": {"angle": 22.5, "axis": "y", "origin": [16, 1, -11]},
			"faces": {
				"north": {"uv": [9, 7, 10, 8.56], "texture": "#0"},
				"east": {"uv": [1, 14, 2.25, 15.56], "texture": "#0"},
				"south": {"uv": [7, 8, 8, 9.56], "texture": "#0"},
				"west": {"uv": [10, 5, 11.25, 6.56], "texture": "#0"},
				"up": {"uv": [6, 9, 7.25, 10], "rotation": 90, "texture": "#0"},
				"down": {"uv": [0, 0, 1.25, 1], "rotation": 270, "texture": "#missing"}
			}
		},
		{
			"from": [8.15, 5, -9],
			"to": [11.15, 6.55, -8],
			"light_emission": 4,
			"rotation": {"angle": 22.5, "axis": "y", "origin": [23, 5, -4.25]},
			"faces": {
				"north": {"uv": [11, 10, 14, 11.55], "texture": "#0"},
				"east": {"uv": [11, 10, 12, 11.55], "texture": "#0"},
				"south": {"uv": [11, 10, 14, 11.55], "texture": "#0"},
				"west": {"uv": [11, 10, 12, 11.55], "texture": "#0"},
				"up": {"uv": [11, 10, 14, 11], "texture": "#0"},
				"down": {"uv": [11, 12, 14, 13], "texture": "#0"}
			}
		},
		{
			"from": [8.15, 6, -8],
			"to": [11.15, 7.45, -7],
			"light_emission": 4,
			"rotation": {"angle": 22.5, "axis": "y", "origin": [23, 6, -4.25]},
			"faces": {
				"north": {"uv": [11, 10, 14, 11.45], "texture": "#0"},
				"east": {"uv": [12, 10, 13, 11.45], "texture": "#0"},
				"south": {"uv": [11, 10, 14, 11.45], "texture": "#0"},
				"west": {"uv": [12, 10, 13, 11.45], "texture": "#0"},
				"up": {"uv": [11, 12, 14, 13], "texture": "#0"},
				"down": {"uv": [11, 12, 14, 13], "texture": "#0"}
			}
		},
		{
			"from": [8, 2, 0],
			"to": [9.5, 4, 1.5],
			"rotation": {"angle": 22.5, "axis": "y", "origin": [7, 3, 1]},
			"faces": {
				"north": {"uv": [8, 3, 8.5, 10], "texture": "#1"},
				"east": {"uv": [4, 3, 15, 11], "texture": "#1"},
				"south": {"uv": [2, 2, 14, 13], "texture": "#1"},
				"west": {"uv": [3, 1, 4.5, 15], "texture": "#1"},
				"up": {"uv": [1, 1, 14.5, 14.5], "texture": "#1"},
				"down": {"uv": [1, 1, 14.5, 14.5], "texture": "#1"}
			}
		},
		{
			"from": [9, 4, -0.2],
			"to": [10.23, 5, 1],
			"rotation": {"angle": 22.5, "axis": "y", "origin": [8, 5, 2]},
			"faces": {
				"north": {"uv": [2, 1, 15, 13], "texture": "#1"},
				"east": {"uv": [3, 3, 12.2, 13], "texture": "#1"},
				"south": {"uv": [5, 3, 13, 14], "texture": "#1"},
				"west": {"uv": [1, 1, 15, 15], "texture": "#1"},
				"up": {"uv": [2, 3, 12.3, 15], "texture": "#1"},
				"down": {"uv": [7, 5, 11.3, 10.2], "texture": "#1"}
			}
		},
		{
			"from": [8, 2, -0.1],
			"to": [9.5, 4, 0.1],
			"rotation": {"angle": 22.5, "axis": "y", "origin": [7, 3, 0]},
			"faces": {
				"north": {"uv": [3, 4, 14, 15], "texture": "#1"},
				"east": {"uv": [7, 3, 8.2, 14], "texture": "#1"},
				"south": {"uv": [3, 5, 12.5, 14], "texture": "#1"},
				"west": {"uv": [11, 3, 5.2, 12], "texture": "#1"},
				"up": {"uv": [5, 2, 14, 13], "texture": "#1"},
				"down": {"uv": [0, 0, 1.5, 0.2], "texture": "#1"}
			}
		},
		{
			"from": [8.77, 2, 0],
			"to": [8.97, 4, 1.5],
			"rotation": {"angle": 22.5, "axis": "y", "origin": [9, 3, 3]},
			"faces": {
				"north": {"uv": [7, 3, 8.2, 14], "texture": "#1"},
				"east": {"uv": [5, 5, 11.5, 13], "texture": "#1"},
				"south": {"uv": [13, 0, 14.2, 16], "texture": "#1"},
				"west": {"uv": [4, 3, 15, 13], "texture": "#1"},
				"up": {"uv": [5, 2, 7.5, 14], "rotation": 270, "texture": "#1"},
				"down": {"uv": [0, 0, 1.5, 0.2], "rotation": 90, "texture": "#1"}
			}
		},
		{
			"from": [9, 5, 0],
			"to": [9.5, 6, 0.5],
			"rotation": {"angle": 22.5, "axis": "y", "origin": [9, 6, 1]},
			"faces": {
				"north": {"uv": [2, 1, 15, 13], "texture": "#1"},
				"east": {"uv": [3, 3, 12.2, 13], "texture": "#1"},
				"south": {"uv": [5, 3, 13, 14], "texture": "#1"},
				"west": {"uv": [1, 1, 15, 15], "texture": "#1"},
				"up": {"uv": [2, 3, 12.3, 15], "texture": "#1"},
				"down": {"uv": [7, 5, 11.3, 10.2], "texture": "#1"}
			}
		},
		{
			"from": [9, 5, 0],
			"to": [9.5, 6, 0.5],
			"rotation": {"angle": 22.5, "axis": "y", "origin": [8, 6, 0.5]},
			"faces": {
				"north": {"uv": [2, 1, 15, 13], "texture": "#1"},
				"east": {"uv": [3, 3, 12.2, 13], "texture": "#1"},
				"south": {"uv": [5, 3, 13, 14], "texture": "#1"},
				"west": {"uv": [1, 1, 15, 15], "texture": "#1"},
				"up": {"uv": [2, 3, 12.3, 15], "texture": "#1"},
				"down": {"uv": [7, 5, 11.3, 10.2], "texture": "#1"}
			}
		},
		{
			"from": [9, 2, 0],
			"to": [9.5, 3, 0.5],
			"rotation": {"angle": 22.5, "axis": "y", "origin": [8, 3, 0.5]},
			"faces": {
				"north": {"uv": [2, 1, 15, 13], "texture": "#1"},
				"east": {"uv": [3, 3, 12.2, 13], "texture": "#1"},
				"south": {"uv": [5, 3, 13, 14], "texture": "#1"},
				"west": {"uv": [1, 1, 15, 15], "texture": "#1"},
				"up": {"uv": [2, 3, 12.3, 15], "texture": "#1"},
				"down": {"uv": [7, 5, 11.3, 10.2], "texture": "#1"}
			}
		},
		{
			"from": [9, 2, 1],
			"to": [9.5, 3, 1.5],
			"rotation": {"angle": 22.5, "axis": "y", "origin": [8, 3, 1.5]},
			"faces": {
				"north": {"uv": [2, 1, 15, 13], "texture": "#1"},
				"east": {"uv": [3, 3, 12.2, 13], "texture": "#1"},
				"south": {"uv": [5, 3, 13, 14], "texture": "#1"},
				"west": {"uv": [1, 1, 15, 15], "texture": "#1"},
				"up": {"uv": [2, 3, 12.3, 15], "texture": "#1"},
				"down": {"uv": [7, 5, 11.3, 10.2], "texture": "#1"}
			}
		},
		{
			"from": [9, 1, -2.5],
			"to": [9.5, 2.5, -2],
			"rotation": {"angle": 0, "axis": "y", "origin": [9, 0, -2]},
			"faces": {
				"north": {"uv": [8, 6, 9, 7], "texture": "#0"},
				"east": {"uv": [12, 2, 13, 3], "texture": "#0"},
				"south": {"uv": [5, 9, 6, 10], "texture": "#0"},
				"west": {"uv": [7, 7, 8, 8], "texture": "#0"},
				"up": {"uv": [9, 5, 10, 6], "texture": "#0"},
				"down": {"uv": [6, 8, 7, 9], "texture": "#0"}
			}
		}
	],
	"gui_light": "front",
	"display": {
		"thirdperson_righthand": {
			"rotation": [70, -180, 7],
			"translation": [0, 11.5, 5],
			"scale": [0.75, 0.75, 0.75]
		},
		"thirdperson_lefthand": {
			"rotation": [70, -180, 7],
			"translation": [0.25, 12.5, 6.25],
			"scale": [0.75, 0.75, 0.75]
		},
		"firstperson_righthand": {
			"rotation": [13, -180, 0],
			"translation": [3, 8.75, -6],
			"scale": [0.75, 0.75, 0.75]
		},
		"firstperson_lefthand": {
			"rotation": [13, -180, 0],
			"translation": [3, 8.5, -6],
			"scale": [0.75, 0.75, 0.75]
		},
		"ground": {
			"rotation": [63, 113, 51],
			"translation": [5.75, -0.5, 4.5],
			"scale": [0.75, 0.75, 0.75]
		},
		"gui": {
			"rotation": [65, 94, -65],
			"translation": [4.75, 3.5, 0],
			"scale": [0.75, 0.75, 0.75]
		},
		"head": {
			"rotation": [-1, 175, 1],
			"translation": [-2, 10.5, -12]
		},
		"fixed": {
			"rotation": [63, 83, -65],
			"translation": [6.5, 3.25, 1]
		}
	},
	"groups": [
		{
			"name": "group",
			"origin": [8, 8, 8],
			"color": 0,
			"children": [
				{
					"name": "group",
					"origin": [8, 4, 12],
					"color": 0,
					"children": [0, 1, 2, 3, 4, 5, 6, 7, 8, 9, 10, 11, 12, 13, 14]
				},
				{
					"name": "group",
					"origin": [8, 8, 8],
					"color": 0,
					"children": [
						15,
						16,
						17,
						18,
						{
							"name": "group",
							"origin": [8, 8, 8],
							"color": 0,
							"children": []
						},
						{
							"name": "group",
							"origin": [8, 8, 8],
							"color": 0,
							"children": [
								{
									"name": "group",
									"origin": [8, 10, 7],
									"color": 0,
									"children": [
										19,
										20,
										21,
										{
											"name": "group",
											"origin": [0, 0, 0],
											"color": 0,
											"children": []
										},
										22,
										23
									]
								},
								{
									"name": "group",
									"origin": [9, 8, 9],
									"color": 0,
									"children": [24, 25, 26]
								},
								{
									"name": "group",
									"origin": [9, 8, 9],
									"color": 0,
									"children": [27, 28, 29]
								},
								{
									"name": "group",
									"origin": [8, 10, 7],
									"color": 0,
									"children": [30, 31, 32]
								},
								{
									"name": "group",
									"origin": [8, 10, 7],
									"color": 0,
									"children": [33, 34, 35]
								},
								{
									"name": "group",
									"origin": [8, 10, 7],
									"color": 0,
									"children": [36, 37, 38]
								},
								{
									"name": "group",
									"origin": [8, 10, 7],
									"color": 0,
									"children": [39, 40, 41, 42, 43, 44, 45, 46, 47, 48]
								},
								{
									"name": "group",
									"origin": [8, 10, 7],
									"color": 0,
									"children": [49, 50, 51]
								}
							]
						}
					]
				},
				{
					"name": "group",
					"origin": [-8, 3, 0],
					"color": 0,
					"children": [52, 53, 54, 55, 56, 57]
				}
			]
		},
		{
			"name": "group",
			"origin": [0, 2, 1],
			"color": 0,
			"children": [58, 59, 60, 61, 62, 63, 64, 65]
		},
		66
	]
}