{
	"format_version": "1.9.0",
	"credit": "Made with Blockbench",
	"textures": {
		"0": "item/water_bucket",
		"2": "item/axolotl_bucket",
		"particle": "item/water_bucket"
	},
	"elements": [
		{
			"name": "axolotl_bucket_8",
			"from": [2, 20, 7],
			"to": [3, 21, 8],
			"rotation": {"angle": 0, "axis": "y", "origin": [0, 7, 7]},
			"faces": {
				"north": {"uv": [3, 2, 2, 3], "texture": "#2"},
				"east": {"uv": [2, 2, 3, 3], "texture": "#2"},
				"south": {"uv": [2, 2, 3, 3], "texture": "#2"},
				"west": {"uv": [2, 2, 3, 3], "texture": "#2"},
				"up": {"uv": [2, 2, 3, 3], "texture": "#2"},
				"down": {"uv": [2, 2, 3, 3], "texture": "#2"}
			}
		},
		{
			"name": "axolotl_bucket_44",
			"from": [4, 17, 6],
			"to": [12, 18, 9],
			"rotation": {"angle": 0, "axis": "y", "origin": [0, 7, 6]},
			"faces": {
				"north": {"uv": [5, 5, 4, 6], "texture": "#2"},
				"east": {"uv": [4, 5, 5, 6], "texture": "#2"},
				"south": {"uv": [4, 5, 5, 6], "texture": "#2"},
				"west": {"uv": [4, 5, 5, 6], "texture": "#2"},
				"up": {"uv": [4, 5, 5, 6], "texture": "#2"},
				"down": {"uv": [4, 5, 5, 6], "texture": "#2"}
			}
		},
		{
			"name": "axolotl_bucket_41",
			"from": [13, 18, 7],
			"to": [14, 19, 8],
			"rotation": {"angle": 0, "axis": "y", "origin": [0, 7, 7]},
			"faces": {
				"north": {"uv": [14, 4, 13, 5], "texture": "#2"},
				"east": {"uv": [13, 4, 14, 5], "texture": "#2"},
				"south": {"uv": [13, 4, 14, 5], "texture": "#2"},
				"west": {"uv": [13, 4, 14, 5], "texture": "#2"},
				"up": {"uv": [13, 4, 14, 5], "texture": "#2"},
				"down": {"uv": [13, 4, 14, 5], "texture": "#2"}
			}
		},
		{
			"name": "axolotl_bucket_40",
			"from": [12, 18, 7],
			"to": [13, 19, 8],
			"rotation": {"angle": 0, "axis": "y", "origin": [0, 7, 7]},
			"faces": {
				"north": {"uv": [13, 4, 12, 5], "texture": "#2"},
				"east": {"uv": [12, 4, 13, 5], "texture": "#2"},
				"south": {"uv": [12, 4, 13, 5], "texture": "#2"},
				"west": {"uv": [12, 4, 13, 5], "texture": "#2"},
				"up": {"uv": [12, 4, 13, 5], "texture": "#2"},
				"down": {"uv": [12, 4, 13, 5], "texture": "#2"}
			}
		},
		{
			"name": "axolotl_bucket_39",
			"from": [4, 18, 6],
			"to": [12, 21, 9],
			"rotation": {"angle": 0, "axis": "y", "origin": [-7, 7, 6]},
			"faces": {
				"north": {"uv": [12, 2, 4, 5], "texture": "#2"},
				"east": {"uv": [11, 4, 12, 5], "texture": "#2"},
				"south": {"uv": [9, 2, 11, 5], "texture": "#2"},
				"west": {"uv": [11, 4, 12, 5], "texture": "#2"},
				"up": {"uv": [11, 4, 12, 5], "texture": "#2"},
				"down": {"uv": [11, 4, 12, 5], "texture": "#2"}
			}
		},
		{
			"name": "axolotl_bucket_31",
			"from": [3, 18, 7],
			"to": [4, 19, 8],
			"rotation": {"angle": 0, "axis": "y", "origin": [0, 7, 7]},
			"faces": {
				"north": {"uv": [4, 4, 3, 5], "texture": "#2"},
				"east": {"uv": [3, 4, 4, 5], "texture": "#2"},
				"south": {"uv": [3, 4, 4, 5], "texture": "#2"},
				"west": {"uv": [3, 4, 4, 5], "texture": "#2"},
				"up": {"uv": [3, 4, 4, 5], "texture": "#2"},
				"down": {"uv": [3, 4, 4, 5], "texture": "#2"}
			}
		},
		{
			"name": "axolotl_bucket_30",
			"from": [2, 18, 7],
			"to": [3, 19, 8],
			"rotation": {"angle": 0, "axis": "y", "origin": [0, 7, 7]},
			"faces": {
				"north": {"uv": [3, 4, 2, 5], "texture": "#2"},
				"east": {"uv": [2, 4, 3, 5], "texture": "#2"},
				"south": {"uv": [2, 4, 3, 5], "texture": "#2"},
				"west": {"uv": [2, 4, 3, 5], "texture": "#2"},
				"up": {"uv": [2, 4, 3, 5], "texture": "#2"},
				"down": {"uv": [2, 4, 3, 5], "texture": "#2"}
			}
		},
		{
			"name": "axolotl_bucket_29",
			"from": [12, 19, 7],
			"to": [13, 20, 8],
			"rotation": {"angle": 0, "axis": "y", "origin": [0, 7, 7]},
			"faces": {
				"north": {"uv": [13, 3, 12, 4], "texture": "#2"},
				"east": {"uv": [12, 3, 13, 4], "texture": "#2"},
				"south": {"uv": [12, 3, 13, 4], "texture": "#2"},
				"west": {"uv": [12, 3, 13, 4], "texture": "#2"},
				"up": {"uv": [12, 3, 13, 4], "texture": "#2"},
				"down": {"uv": [12, 3, 13, 4], "texture": "#2"}
			}
		},
		{
			"name": "axolotl_bucket_20",
			"from": [3, 19, 7],
			"to": [4, 20, 8],
			"rotation": {"angle": 0, "axis": "y", "origin": [0, 7, 7]},
			"faces": {
				"north": {"uv": [4, 3, 3, 4], "texture": "#2"},
				"east": {"uv": [3, 3, 4, 4], "texture": "#2"},
				"south": {"uv": [3, 3, 4, 4], "texture": "#2"},
				"west": {"uv": [3, 3, 4, 4], "texture": "#2"},
				"up": {"uv": [3, 3, 4, 4], "texture": "#2"},
				"down": {"uv": [3, 3, 4, 4], "texture": "#2"}
			}
		},
		{
			"name": "axolotl_bucket_19",
			"from": [13, 20, 7],
			"to": [14, 21, 8],
			"rotation": {"angle": 0, "axis": "y", "origin": [0, 7, 7]},
			"faces": {
				"north": {"uv": [14, 2, 13, 3], "texture": "#2"},
				"east": {"uv": [13, 2, 14, 3], "texture": "#2"},
				"south": {"uv": [13, 2, 14, 3], "texture": "#2"},
				"west": {"uv": [13, 2, 14, 3], "texture": "#2"},
				"up": {"uv": [13, 2, 14, 3], "texture": "#2"},
				"down": {"uv": [13, 2, 14, 3], "texture": "#2"}
			}
		},
		{
			"name": "axolotl_bucket_18",
			"from": [12, 20, 7],
			"to": [13, 21, 8],
			"rotation": {"angle": 0, "axis": "y", "origin": [0, 7, 7]},
			"faces": {
				"north": {"uv": [13, 2, 12, 3], "texture": "#2"},
				"east": {"uv": [12, 2, 13, 3], "texture": "#2"},
				"south": {"uv": [12, 2, 13, 3], "texture": "#2"},
				"west": {"uv": [12, 2, 13, 3], "texture": "#2"},
				"up": {"uv": [12, 2, 13, 3], "texture": "#2"},
				"down": {"uv": [12, 2, 13, 3], "texture": "#2"}
			}
		},
		{
			"name": "axolotl_bucket_9",
			"from": [3, 20, 7],
			"to": [4, 21, 8],
			"rotation": {"angle": 0, "axis": "y", "origin": [0, 7, 7]},
			"faces": {
				"north": {"uv": [4, 2, 3, 3], "texture": "#2"},
				"east": {"uv": [3, 2, 4, 3], "texture": "#2"},
				"south": {"uv": [3, 2, 4, 3], "texture": "#2"},
				"west": {"uv": [3, 2, 4, 3], "texture": "#2"},
				"up": {"uv": [3, 2, 4, 3], "texture": "#2"},
				"down": {"uv": [3, 2, 4, 3], "texture": "#2"}
			}
		},
		{
			"name": "axolotl_bucket_7",
			"from": [13, 21, 7],
			"to": [14, 22, 8],
			"rotation": {"angle": 0, "axis": "y", "origin": [0, 7, 7]},
			"faces": {
				"north": {"uv": [14, 1, 13, 2], "texture": "#2"},
				"east": {"uv": [13, 1, 14, 2], "texture": "#2"},
				"south": {"uv": [13, 1, 14, 2], "texture": "#2"},
				"west": {"uv": [13, 1, 14, 2], "texture": "#2"},
				"up": {"uv": [13, 1, 14, 2], "texture": "#2"},
				"down": {"uv": [13, 1, 14, 2], "texture": "#2"}
			}
		},
		{
			"name": "axolotl_bucket_6",
			"from": [11, 21, 7],
			"to": [12, 22, 8],
			"rotation": {"angle": 0, "axis": "y", "origin": [0, 7, 7]},
			"faces": {
				"north": {"uv": [12, 1, 11, 2], "texture": "#2"},
				"east": {"uv": [11, 1, 12, 2], "texture": "#2"},
				"south": {"uv": [11, 1, 12, 2], "texture": "#2"},
				"west": {"uv": [11, 1, 12, 2], "texture": "#2"},
				"up": {"uv": [11, 1, 12, 2], "texture": "#2"},
				"down": {"uv": [11, 1, 12, 2], "texture": "#2"}
			}
		},
		{
			"name": "axolotl_bucket_5",
			"from": [10, 21, 7],
			"to": [11, 22, 8],
			"rotation": {"angle": 0, "axis": "y", "origin": [0, 7, 7]},
			"faces": {
				"north": {"uv": [11, 1, 10, 2], "texture": "#2"},
				"east": {"uv": [10, 1, 11, 2], "texture": "#2"},
				"south": {"uv": [10, 1, 11, 2], "texture": "#2"},
				"west": {"uv": [10, 1, 11, 2], "texture": "#2"},
				"up": {"uv": [10, 1, 11, 2], "texture": "#2"},
				"down": {"uv": [10, 1, 11, 2], "texture": "#2"}
			}
		},
		{
			"name": "axolotl_bucket_4",
			"from": [5, 21, 7],
			"to": [6, 22, 8],
			"rotation": {"angle": 0, "axis": "y", "origin": [0, 7, 7]},
			"faces": {
				"north": {"uv": [6, 1, 5, 2], "texture": "#2"},
				"east": {"uv": [5, 1, 6, 2], "texture": "#2"},
				"south": {"uv": [5, 1, 6, 2], "texture": "#2"},
				"west": {"uv": [5, 1, 6, 2], "texture": "#2"},
				"up": {"uv": [5, 1, 6, 2], "texture": "#2"},
				"down": {"uv": [5, 1, 6, 2], "texture": "#2"}
			}
		},
		{
			"name": "axolotl_bucket_3",
			"from": [4, 21, 7],
			"to": [5, 22, 8],
			"rotation": {"angle": 0, "axis": "y", "origin": [0, 7, 7]},
			"faces": {
				"north": {"uv": [5, 1, 4, 2], "texture": "#2"},
				"east": {"uv": [4, 1, 5, 2], "texture": "#2"},
				"south": {"uv": [4, 1, 5, 2], "texture": "#2"},
				"west": {"uv": [4, 1, 5, 2], "texture": "#2"},
				"up": {"uv": [4, 1, 5, 2], "texture": "#2"},
				"down": {"uv": [4, 1, 5, 2], "texture": "#2"}
			}
		},
		{
			"name": "axolotl_bucket_2",
			"from": [2, 21, 7],
			"to": [3, 22, 8],
			"rotation": {"angle": 0, "axis": "y", "origin": [0, 7, 7]},
			"faces": {
				"north": {"uv": [3, 1, 2, 2], "texture": "#2"},
				"east": {"uv": [2, 1, 3, 2], "texture": "#2"},
				"south": {"uv": [2, 1, 3, 2], "texture": "#2"},
				"west": {"uv": [2, 1, 3, 2], "texture": "#2"},
				"up": {"uv": [2, 1, 3, 2], "texture": "#2"},
				"down": {"uv": [2, 1, 3, 2], "texture": "#2"}
			}
		},
		{
			"name": "axolotl_bucket_1",
			"from": [11, 22, 7],
			"to": [12, 23, 8],
			"rotation": {"angle": 0, "axis": "y", "origin": [0, 7, 7]},
			"faces": {
				"north": {"uv": [12, 0, 11, 1], "texture": "#2"},
				"east": {"uv": [11, 0, 12, 1], "texture": "#2"},
				"south": {"uv": [11, 0, 12, 1], "texture": "#2"},
				"west": {"uv": [11, 0, 12, 1], "texture": "#2"},
				"up": {"uv": [11, 0, 12, 1], "texture": "#2"},
				"down": {"uv": [11, 0, 12, 1], "texture": "#2"}
			}
		},
		{
			"name": "axolotl_bucket_0",
			"from": [4, 22, 7],
			"to": [5, 23, 8],
			"rotation": {"angle": 0, "axis": "y", "origin": [0, 7, 7]},
			"faces": {
				"north": {"uv": [5, 0, 4, 1], "texture": "#2"},
				"east": {"uv": [4, 0, 5, 1], "texture": "#2"},
				"south": {"uv": [4, 0, 5, 1], "texture": "#2"},
				"west": {"uv": [4, 0, 5, 1], "texture": "#2"},
				"up": {"uv": [4, 0, 5, 1], "texture": "#2"},
				"down": {"uv": [4, 0, 5, 1], "texture": "#2"}
			}
		},
		{
			"name": "axolotl_bucket_69",
			"from": [5, 17, 5],
			"to": [6, 18, 6],
			"rotation": {"angle": 0, "axis": "x", "origin": [8, 17, -9]},
			"faces": {
				"north": {"uv": [5, 7, 6, 8], "rotation": 180, "texture": "#2"},
				"east": {"uv": [5, 7, 6, 8], "rotation": 270, "texture": "#2"},
				"south": {"uv": [5, 7, 6, 8], "texture": "#2"},
				"west": {"uv": [5, 7, 6, 8], "rotation": 90, "texture": "#2"},
				"up": {"uv": [6, 7, 5, 8], "rotation": 180, "texture": "#2"},
				"down": {"uv": [5, 7, 6, 8], "texture": "#2"}
			}
		},
		{
			"name": "axolotl_bucket_74",
			"from": [10, 17, 5],
			"to": [11, 18, 6],
			"rotation": {"angle": 0, "axis": "x", "origin": [8, 17, -9]},
			"faces": {
				"north": {"uv": [10, 7, 11, 8], "rotation": 180, "texture": "#2"},
				"east": {"uv": [10, 7, 11, 8], "rotation": 270, "texture": "#2"},
				"south": {"uv": [10, 7, 11, 8], "texture": "#2"},
				"west": {"uv": [10, 7, 11, 8], "rotation": 90, "texture": "#2"},
				"up": {"uv": [11, 7, 10, 8], "rotation": 180, "texture": "#2"},
				"down": {"uv": [10, 7, 11, 8], "texture": "#2"}
			}
		},
		{
			"name": "axolotl_bucket_80",
			"from": [4, 17, 4],
			"to": [5, 18, 5],
			"rotation": {"angle": 0, "axis": "x", "origin": [8, 17, -9]},
			"faces": {
				"north": {"uv": [4, 8, 5, 9], "rotation": 180, "texture": "#2"},
				"east": {"uv": [4, 8, 5, 9], "rotation": 270, "texture": "#2"},
				"south": {"uv": [4, 8, 5, 9], "texture": "#2"},
				"west": {"uv": [4, 8, 5, 9], "rotation": 90, "texture": "#2"},
				"up": {"uv": [5, 8, 4, 9], "rotation": 180, "texture": "#2"},
				"down": {"uv": [4, 8, 5, 9], "texture": "#2"}
			}
		},
		{
			"name": "axolotl_bucket_81",
			"from": [5, 17, 4],
			"to": [6, 18, 5],
			"rotation": {"angle": 0, "axis": "x", "origin": [8, 17, -9]},
			"faces": {
				"north": {"uv": [5, 8, 6, 9], "rotation": 180, "texture": "#2"},
				"east": {"uv": [5, 8, 6, 9], "rotation": 270, "texture": "#2"},
				"south": {"uv": [5, 8, 6, 9], "texture": "#2"},
				"west": {"uv": [5, 8, 6, 9], "rotation": 90, "texture": "#2"},
				"up": {"uv": [6, 8, 5, 9], "rotation": 180, "texture": "#2"},
				"down": {"uv": [5, 8, 6, 9], "texture": "#2"}
			}
		},
		{
			"name": "axolotl_bucket_82",
			"from": [6, 17, 4],
			"to": [7, 18, 5],
			"rotation": {"angle": 0, "axis": "x", "origin": [8, 17, -9]},
			"faces": {
				"north": {"uv": [6, 8, 7, 9], "rotation": 180, "texture": "#2"},
				"east": {"uv": [6, 8, 7, 9], "rotation": 270, "texture": "#2"},
				"south": {"uv": [6, 8, 7, 9], "texture": "#2"},
				"west": {"uv": [6, 8, 7, 9], "rotation": 90, "texture": "#2"},
				"up": {"uv": [7, 8, 6, 9], "rotation": 180, "texture": "#2"},
				"down": {"uv": [6, 8, 7, 9], "texture": "#2"}
			}
		},
		{
			"name": "axolotl_bucket_85",
			"from": [9, 17, 4],
			"to": [10, 18, 5],
			"rotation": {"angle": 0, "axis": "x", "origin": [8, 17, -9]},
			"faces": {
				"north": {"uv": [9, 8, 10, 9], "rotation": 180, "texture": "#2"},
				"east": {"uv": [9, 8, 10, 9], "rotation": 270, "texture": "#2"},
				"south": {"uv": [9, 8, 10, 9], "texture": "#2"},
				"west": {"uv": [9, 8, 10, 9], "rotation": 90, "texture": "#2"},
				"up": {"uv": [10, 8, 9, 9], "rotation": 180, "texture": "#2"},
				"down": {"uv": [9, 8, 10, 9], "texture": "#2"}
			}
		},
		{
			"name": "axolotl_bucket_86",
			"from": [10, 17, 4],
			"to": [11, 18, 5],
			"rotation": {"angle": 0, "axis": "x", "origin": [8, 17, -9]},
			"faces": {
				"north": {"uv": [10, 8, 11, 9], "rotation": 180, "texture": "#2"},
				"east": {"uv": [10, 8, 11, 9], "rotation": 270, "texture": "#2"},
				"south": {"uv": [10, 8, 11, 9], "texture": "#2"},
				"west": {"uv": [10, 8, 11, 9], "rotation": 90, "texture": "#2"},
				"up": {"uv": [11, 8, 10, 9], "rotation": 180, "texture": "#2"},
				"down": {"uv": [10, 8, 11, 9], "texture": "#2"}
			}
		},
		{
			"name": "axolotl_bucket_87",
			"from": [11, 17, 4],
			"to": [12, 18, 5],
			"rotation": {"angle": 0, "axis": "x", "origin": [8, 17, -9]},
			"faces": {
				"north": {"uv": [11, 8, 12, 9], "rotation": 180, "texture": "#2"},
				"east": {"uv": [11, 8, 12, 9], "rotation": 270, "texture": "#2"},
				"south": {"uv": [11, 8, 12, 9], "texture": "#2"},
				"west": {"uv": [11, 8, 12, 9], "rotation": 90, "texture": "#2"},
				"up": {"uv": [12, 8, 11, 9], "rotation": 180, "texture": "#2"},
				"down": {"uv": [11, 8, 12, 9], "texture": "#2"}
			}
		},
		{
			"name": "axolotl_bucket_93",
			"from": [5, 17, 3],
			"to": [6, 18, 4],
			"rotation": {"angle": 0, "axis": "x", "origin": [8, 17, -9]},
			"faces": {
				"north": {"uv": [5, 9, 6, 10], "rotation": 180, "texture": "#2"},
				"east": {"uv": [5, 9, 6, 10], "rotation": 270, "texture": "#2"},
				"south": {"uv": [5, 9, 6, 10], "texture": "#2"},
				"west": {"uv": [5, 9, 6, 10], "rotation": 90, "texture": "#2"},
				"up": {"uv": [6, 9, 5, 10], "rotation": 180, "texture": "#2"},
				"down": {"uv": [5, 9, 6, 10], "texture": "#2"}
			}
		},
		{
			"name": "axolotl_bucket_98",
			"from": [10, 17, 3],
			"to": [11, 18, 4],
			"rotation": {"angle": 0, "axis": "x", "origin": [8, 17, -9]},
			"faces": {
				"north": {"uv": [10, 9, 11, 10], "rotation": 180, "texture": "#2"},
				"east": {"uv": [10, 9, 11, 10], "rotation": 270, "texture": "#2"},
				"south": {"uv": [10, 9, 11, 10], "texture": "#2"},
				"west": {"uv": [10, 9, 11, 10], "rotation": 90, "texture": "#2"},
				"up": {"uv": [11, 9, 10, 10], "rotation": 180, "texture": "#2"},
				"down": {"uv": [10, 9, 11, 10], "texture": "#2"}
			}
		},
		{
			"name": "axolotl_bucket_81",
			"from": [5, 18, 4],
			"to": [6, 18.35, 5],
			"rotation": {"angle": 0, "axis": "x", "origin": [8, 17, -9]},
			"faces": {
				"north": {"uv": [5, 8, 6, 9], "rotation": 180, "texture": "#2"},
				"east": {"uv": [5, 8, 6, 9], "rotation": 270, "texture": "#2"},
				"south": {"uv": [5, 8, 6, 9], "texture": "#2"},
				"west": {"uv": [5, 8, 6, 9], "rotation": 90, "texture": "#2"},
				"up": {"uv": [6, 8, 5, 9], "rotation": 180, "texture": "#2"},
				"down": {"uv": [5, 8, 6, 9], "texture": "#2"}
			}
		},
		{
			"name": "axolotl_bucket_81",
			"from": [10, 18, 4],
			"to": [11, 18.35, 5],
			"rotation": {"angle": 0, "axis": "x", "origin": [8, 17, -9]},
			"faces": {
				"north": {"uv": [5, 8, 6, 9], "rotation": 180, "texture": "#2"},
				"east": {"uv": [5, 8, 6, 9], "rotation": 270, "texture": "#2"},
				"south": {"uv": [5, 8, 6, 9], "texture": "#2"},
				"west": {"uv": [5, 8, 6, 9], "rotation": 90, "texture": "#2"},
				"up": {"uv": [6, 8, 5, 9], "rotation": 180, "texture": "#2"},
				"down": {"uv": [5, 8, 6, 9], "texture": "#2"}
			}
		},
		{
			"from": [2, 0, 3],
			"to": [14, 17, 15],
			"light_emission": 8,
			"rotation": {"angle": 0, "axis": "y", "origin": [2, 0, 3]},
			"faces": {
				"north": {"uv": [4, 7, 12, 15], "texture": "#0"},
				"east": {"uv": [4, 7, 12, 15], "texture": "#0"},
				"south": {"uv": [4, 7, 12, 15], "texture": "#0"},
				"west": {"uv": [4, 7, 12, 15], "texture": "#0"},
				"up": {"uv": [5, 0, 11, 6], "texture": "#0"},
				"down": {"uv": [4, 8, 12, 15], "texture": "#0"}
			}
		}
	],
	"gui_light": "front",
	"display": {
		"thirdperson_righthand": {
			"rotation": [0, 164, 0],
			"translation": [0, -1.75, -1.25],
			"scale": [0.5, 0.5, 0.5]
		},
		"thirdperson_lefthand": {
			"rotation": [0, 164, 0],
			"translation": [0, -1.75, -1.25],
			"scale": [0.5, 0.5, 0.5]
		},
		"firstperson_righthand": {
			"rotation": [0, 133, 0],
			"translation": [-0.75, 0.25, 0],
			"scale": [0.5, 0.5, 0.5]
		},
		"firstperson_lefthand": {
			"rotation": [0, 133, 0],
			"translation": [-0.75, 0.25, 0],
			"scale": [0.5, 0.5, 0.5]
		},
		"ground": {
			"rotation": [0, 42, 51],
			"translation": [0, -0.75, 0],
			"scale": [0.5, 0.5, 0.5]
		},
		"gui": {
			"rotation": [17, 168, 0],
			"translation": [0, -1.75, 80],
			"scale": [0.7, 0.7, 0.7]
		},
		"head": {
			"translation": [0, 3.5, 0],
			"scale": [0.5, 0.5, 0.5]
		},
		"fixed": {
			"rotation": [-17, -24, 0],
			"translation": [0, 0, -2],
			"scale": [0.5, 0.5, 0.5]
		}
	},
	"groups": [
		{
			"name": "group",
			"origin": [8, 8, 8],
			"color": 0,
			"children": [
				{
					"name": "group",
					"origin": [8, 8, 8],
					"color": 0,
					"children": [0, 1, 2, 3, 4, 5, 6, 7, 8, 9, 10, 11, 12, 13, 14, 15, 16, 17, 18, 19]
				}
			]
		},
		{
			"name": "axolotl_bucket",
			"origin": [8, 8, 8],
			"color": 0,
			"children": [20, 21, 22, 23, 24, 25, 26, 27, 28, 29, 30, 31]
		},
		32
	]
}