{
	"format_version": "1.21.6",
	"credit": "Made with Blockbench",
	"textures": {
		"0": "item/ender_pearl",
		"particle": "item/ender_pearl"
	},
	"elements": [
		{
			"name": "1",
			"from": [6, 6, 13],
			"to": [7, 9, 14],
			"rotation": {"angle": 0, "axis": "y", "origin": [6, 6, 13]},
			"color": 7,
			"faces": {
				"north": {"uv": [0, 0, 1, 3], "texture": "#missing"},
				"east": {"uv": [0, 0, 1, 3], "texture": "#missing"},
				"south": {"uv": [0, 0, 1, 3], "texture": "#missing"},
				"west": {"uv": [0, 0, 1, 3], "texture": "#missing"},
				"up": {"uv": [0, 0, 1, 1], "texture": "#missing"},
				"down": {"uv": [0, 0, 1, 1], "texture": "#missing"}
			}
		},
		{
			"name": "2",
			"from": [6, 6, 13],
			"to": [7, 9, 14],
			"rotation": {"angle": 0, "axis": "y", "origin": [6, 6, 13]},
			"faces": {
				"north": {"uv": [0, 0, 1, 3], "texture": "#missing"},
				"east": {"uv": [2, 7, 3, 10], "texture": "#0"},
				"south": {"uv": [2, 7, 3, 10], "texture": "#0"},
				"west": {"uv": [14, 7, 15, 10], "texture": "#0"},
				"up": {"uv": [3, 5, 4, 6], "texture": "#0"},
				"down": {"uv": [2, 7, 3, 8], "texture": "#0"}
			}
		},
		{
			"name": "3",
			"from": [6, 1, 6],
			"to": [7, 14, 9],
			"rotation": {"angle": 0, "axis": "y", "origin": [6, 1, 6]},
			"faces": {
				"north": {"uv": [9, 2, 10, 15], "texture": "#0"},
				"east": {"uv": [7, 2, 10, 15], "texture": "#0"},
				"south": {"uv": [7, 2, 8, 15], "texture": "#0"},
				"west": {"uv": [7, 2, 10, 15], "texture": "#0"},
				"up": {"uv": [2, 7, 3, 10], "texture": "#0"},
				"down": {"uv": [2, 7, 3, 10], "texture": "#0"}
			}
		},
		{
			"name": "4",
			"from": [6, 2, 4],
			"to": [7, 13, 6],
			"rotation": {"angle": 0, "axis": "y", "origin": [6, 2, 4]},
			"faces": {
				"north": {"uv": [10, 3, 11, 14], "texture": "#0"},
				"east": {"uv": [10, 3, 12, 14], "texture": "#0"},
				"south": {"uv": [0, 0, 1, 11], "texture": "#missing"},
				"west": {"uv": [5, 3, 7, 14], "texture": "#0"},
				"up": {"uv": [3, 5, 4, 7], "texture": "#0"},
				"down": {"uv": [2, 8, 3, 10], "texture": "#0"}
			}
		},
		{
			"name": "5",
			"from": [6, 3, 3],
			"to": [7, 12, 4],
			"rotation": {"angle": 0, "axis": "y", "origin": [6, 3, 3]},
			"faces": {
				"north": {"uv": [12, 4, 13, 13], "texture": "#0"},
				"east": {"uv": [12, 4, 13, 13], "texture": "#0"},
				"south": {"uv": [0, 0, 1, 9], "texture": "#missing"},
				"west": {"uv": [4, 4, 5, 13], "texture": "#0"},
				"up": {"uv": [4, 4, 5, 5], "texture": "#0"},
				"down": {"uv": [5, 3, 6, 4], "texture": "#0"}
			}
		},
		{
			"name": "6",
			"from": [6, 4, 2],
			"to": [7, 11, 3],
			"rotation": {"angle": 0, "axis": "y", "origin": [6, 4, 2]},
			"faces": {
				"north": {"uv": [13, 5, 14, 12], "texture": "#0"},
				"east": {"uv": [13, 5, 14, 12], "texture": "#0"},
				"south": {"uv": [0, 0, 1, 7], "texture": "#missing"},
				"west": {"uv": [3, 5, 4, 12], "texture": "#0"},
				"up": {"uv": [4, 4, 5, 5], "texture": "#0"},
				"down": {"uv": [4, 4, 5, 5], "texture": "#0"}
			}
		},
		{
			"name": "7",
			"from": [6, 6, 1],
			"to": [7, 9, 2],
			"rotation": {"angle": 0, "axis": "y", "origin": [6, 6, 1]},
			"faces": {
				"north": {"uv": [14, 7, 15, 10], "texture": "#0"},
				"east": {"uv": [14, 7, 15, 10], "texture": "#0"},
				"south": {"uv": [0, 0, 1, 3], "texture": "#missing"},
				"west": {"uv": [2, 7, 3, 10], "texture": "#0"},
				"up": {"uv": [4, 4, 5, 5], "texture": "#0"},
				"down": {"uv": [4, 4, 5, 5], "texture": "#0"}
			}
		},
		{
			"name": "8",
			"from": [6, 2, 9],
			"to": [7, 13, 11],
			"rotation": {"angle": 0, "axis": "y", "origin": [6, 2, 9]},
			"faces": {
				"north": {"uv": [0, 0, 1, 11], "texture": "#missing"},
				"east": {"uv": [5, 3, 7, 14], "texture": "#0"},
				"south": {"uv": [6, 3, 7, 14], "texture": "#0"},
				"west": {"uv": [10, 3, 12, 14], "texture": "#0"},
				"up": {"uv": [3, 5, 4, 7], "texture": "#0"},
				"down": {"uv": [2, 7, 3, 9], "texture": "#0"}
			}
		},
		{
			"name": "9",
			"from": [6, 3, 11],
			"to": [7, 12, 12],
			"rotation": {"angle": 0, "axis": "y", "origin": [6, 3, 11]},
			"faces": {
				"north": {"uv": [0, 0, 1, 9], "texture": "#missing"},
				"east": {"uv": [4, 4, 5, 13], "texture": "#0"},
				"south": {"uv": [4, 4, 5, 13], "texture": "#0"},
				"west": {"uv": [12, 4, 13, 13], "texture": "#0"},
				"up": {"uv": [4, 4, 5, 5], "texture": "#0"},
				"down": {"uv": [4, 4, 5, 5], "texture": "#0"}
			}
		},
		{
			"name": "10",
			"from": [6, 4, 12],
			"to": [7, 11, 13],
			"rotation": {"angle": 0, "axis": "y", "origin": [6, 4, 12]},
			"faces": {
				"north": {"uv": [0, 0, 1, 7], "texture": "#missing"},
				"east": {"uv": [3, 5, 4, 12], "texture": "#0"},
				"south": {"uv": [3, 5, 4, 12], "texture": "#0"},
				"west": {"uv": [13, 5, 14, 12], "texture": "#0"},
				"up": {"uv": [3, 6, 4, 7], "texture": "#0"},
				"down": {"uv": [3, 6, 4, 7], "texture": "#0"}
			}
		},
		{
			"name": "1",
			"from": [5, 2, 6],
			"to": [6, 13, 9],
			"rotation": {"angle": 0, "axis": "y", "origin": [6, 7, 8]},
			"faces": {
				"north": {"uv": [7, 14, 8, 15], "texture": "#0"},
				"east": {"uv": [7, 2, 10, 15], "texture": "#0"},
				"south": {"uv": [9, 14, 10, 15], "texture": "#0"},
				"west": {"uv": [7, 3, 10, 14], "texture": "#0"},
				"up": {"uv": [2, 7, 3, 10], "rotation": 180, "texture": "#0"},
				"down": {"uv": [2, 7, 3, 10], "rotation": 180, "texture": "#0"}
			}
		},
		{
			"name": "2",
			"from": [5, 3, 9],
			"to": [6, 12, 11],
			"rotation": {"angle": 0, "axis": "y", "origin": [6, 7, 8]},
			"faces": {
				"north": {"uv": [0, 0, 1, 11], "texture": "#missing"},
				"east": {"uv": [5, 3, 7, 14], "texture": "#0"},
				"south": {"uv": [10, 13, 11, 14], "texture": "#0"},
				"west": {"uv": [10, 4, 12, 13], "texture": "#0"},
				"up": {"uv": [3, 5, 4, 7], "rotation": 180, "texture": "#0"},
				"down": {"uv": [2, 8, 3, 10], "rotation": 180, "texture": "#0"}
			}
		},
		{
			"name": "3",
			"from": [5, 4, 11],
			"to": [6, 11, 12],
			"rotation": {"angle": 0, "axis": "y", "origin": [6, 7, 8]},
			"faces": {
				"north": {"uv": [0, 0, 1, 9], "texture": "#missing"},
				"east": {"uv": [4, 4, 5, 13], "texture": "#0"},
				"south": {"uv": [12, 12, 13, 13], "texture": "#0"},
				"west": {"uv": [12, 5, 13, 12], "texture": "#0"},
				"up": {"uv": [4, 4, 5, 5], "rotation": 180, "texture": "#0"},
				"down": {"uv": [5, 3, 6, 4], "rotation": 180, "texture": "#0"}
			}
		},
		{
			"name": "3",
			"from": [5, 5, 12],
			"to": [6, 10, 13],
			"rotation": {"angle": 0, "axis": "y", "origin": [6, 7, 8]},
			"faces": {
				"north": {"uv": [0, 0, 1, 7], "texture": "#missing"},
				"east": {"uv": [3, 5, 4, 12], "texture": "#0"},
				"south": {"uv": [13, 10, 14, 12], "texture": "#0"},
				"west": {"uv": [13, 6, 14, 11], "texture": "#0"},
				"up": {"uv": [4, 4, 5, 5], "rotation": 180, "texture": "#0"},
				"down": {"uv": [4, 4, 5, 5], "rotation": 180, "texture": "#0"}
			}
		},
		{
			"name": "4",
			"from": [5, 3, 4],
			"to": [6, 12, 6],
			"rotation": {"angle": 0, "axis": "y", "origin": [6, 7, 8]},
			"faces": {
				"north": {"uv": [6, 13, 7, 14], "texture": "#0"},
				"east": {"uv": [10, 3, 12, 14], "texture": "#0"},
				"south": {"uv": [0, 0, 1, 11], "texture": "#missing"},
				"west": {"uv": [5, 4, 7, 13], "texture": "#0"},
				"up": {"uv": [3, 5, 4, 7], "rotation": 180, "texture": "#0"},
				"down": {"uv": [2, 7, 3, 9], "rotation": 180, "texture": "#0"}
			}
		},
		{
			"name": "5",
			"from": [5, 4, 3],
			"to": [6, 11, 4],
			"rotation": {"angle": 0, "axis": "y", "origin": [6, 7, 8]},
			"faces": {
				"north": {"uv": [14, 7, 15, 10], "texture": "#0"},
				"east": {"uv": [12, 4, 13, 13], "texture": "#0"},
				"south": {"uv": [0, 0, 1, 9], "texture": "#missing"},
				"west": {"uv": [4, 5, 5, 12], "texture": "#0"},
				"up": {"uv": [4, 4, 5, 5], "rotation": 180, "texture": "#0"},
				"down": {"uv": [4, 4, 5, 5], "rotation": 180, "texture": "#0"}
			}
		},
		{
			"name": "6",
			"from": [5, 5, 2],
			"to": [6, 10, 3],
			"rotation": {"angle": 0, "axis": "y", "origin": [6, 7, 8]},
			"faces": {
				"north": {"uv": [3, 10, 4, 12], "texture": "#0"},
				"east": {"uv": [13, 5, 14, 12], "texture": "#0"},
				"south": {"uv": [0, 0, 1, 7], "texture": "#missing"},
				"west": {"uv": [3, 6, 4, 11], "texture": "#0"},
				"up": {"uv": [3, 6, 4, 7], "rotation": 180, "texture": "#0"},
				"down": {"uv": [3, 6, 4, 7], "rotation": 180, "texture": "#0"}
			}
		},
		{
			"name": "1",
			"from": [7, 2, 6],
			"to": [8, 13, 9],
			"rotation": {"angle": 0, "axis": "y", "origin": [7, 2, 6]},
			"faces": {
				"north": {"uv": [9, 14, 10, 15], "texture": "#0"},
				"east": {"uv": [7, 3, 10, 14], "texture": "#0"},
				"south": {"uv": [7, 14, 8, 15], "texture": "#0"},
				"west": {"uv": [7, 2, 10, 15], "texture": "#0"},
				"up": {"uv": [2, 7, 3, 10], "texture": "#0"},
				"down": {"uv": [2, 7, 3, 10], "texture": "#0"}
			}
		},
		{
			"name": "2",
			"from": [7, 3, 4],
			"to": [8, 12, 6],
			"rotation": {"angle": 0, "axis": "y", "origin": [7, 3, 4]},
			"faces": {
				"north": {"uv": [10, 13, 11, 14], "texture": "#0"},
				"east": {"uv": [10, 4, 12, 13], "texture": "#0"},
				"south": {"uv": [0, 0, 1, 11], "texture": "#missing"},
				"west": {"uv": [5, 3, 7, 14], "texture": "#0"},
				"up": {"uv": [3, 5, 4, 7], "texture": "#0"},
				"down": {"uv": [2, 8, 3, 10], "texture": "#0"}
			}
		},
		{
			"name": "3",
			"from": [7, 4, 3],
			"to": [8, 11, 4],
			"rotation": {"angle": 0, "axis": "y", "origin": [7, 4, 3]},
			"faces": {
				"north": {"uv": [12, 12, 13, 13], "texture": "#0"},
				"east": {"uv": [12, 5, 13, 12], "texture": "#0"},
				"south": {"uv": [0, 0, 1, 9], "texture": "#missing"},
				"west": {"uv": [4, 4, 5, 13], "texture": "#0"},
				"up": {"uv": [4, 4, 5, 5], "texture": "#0"},
				"down": {"uv": [5, 3, 6, 4], "texture": "#0"}
			}
		},
		{
			"name": "3",
			"from": [7, 5, 2],
			"to": [8, 10, 3],
			"rotation": {"angle": 0, "axis": "y", "origin": [7, 5, 2]},
			"faces": {
				"north": {"uv": [13, 10, 14, 12], "texture": "#0"},
				"east": {"uv": [13, 6, 14, 11], "texture": "#0"},
				"south": {"uv": [0, 0, 1, 7], "texture": "#missing"},
				"west": {"uv": [3, 5, 4, 12], "texture": "#0"},
				"up": {"uv": [4, 4, 5, 5], "texture": "#0"},
				"down": {"uv": [4, 4, 5, 5], "texture": "#0"}
			}
		},
		{
			"name": "4",
			"from": [7, 3, 9],
			"to": [8, 12, 11],
			"rotation": {"angle": 0, "axis": "y", "origin": [7, 3, 9]},
			"faces": {
				"north": {"uv": [0, 0, 1, 11], "texture": "#missing"},
				"east": {"uv": [5, 4, 7, 13], "texture": "#0"},
				"south": {"uv": [6, 13, 7, 14], "texture": "#0"},
				"west": {"uv": [10, 3, 12, 14], "texture": "#0"},
				"up": {"uv": [3, 5, 4, 7], "texture": "#0"},
				"down": {"uv": [2, 7, 3, 9], "texture": "#0"}
			}
		},
		{
			"name": "5",
			"from": [7, 4, 11],
			"to": [8, 11, 12],
			"rotation": {"angle": 0, "axis": "y", "origin": [7, 4, 11]},
			"faces": {
				"north": {"uv": [0, 0, 1, 9], "texture": "#missing"},
				"east": {"uv": [4, 5, 5, 12], "texture": "#0"},
				"south": {"uv": [14, 7, 15, 10], "texture": "#0"},
				"west": {"uv": [12, 4, 13, 13], "texture": "#0"},
				"up": {"uv": [4, 4, 5, 5], "texture": "#0"},
				"down": {"uv": [4, 4, 5, 5], "texture": "#0"}
			}
		},
		{
			"name": "6",
			"from": [7, 5, 12],
			"to": [8, 10, 13],
			"rotation": {"angle": 0, "axis": "y", "origin": [7, 5, 12]},
			"faces": {
				"north": {"uv": [0, 0, 1, 7], "texture": "#missing"},
				"east": {"uv": [3, 6, 4, 11], "texture": "#0"},
				"south": {"uv": [3, 10, 4, 12], "texture": "#0"},
				"west": {"uv": [13, 5, 14, 12], "texture": "#0"},
				"up": {"uv": [3, 6, 4, 7], "texture": "#0"},
				"down": {"uv": [3, 6, 4, 7], "texture": "#0"}
			}
		}
	],
	"gui_light": "front",
	"display": {
		"thirdperson_righthand": {
			"rotation": [0, 95, 0],
			"translation": [0, 2.75, 0],
			"scale": [0.5, 0.5, 0.5]
		},
		"thirdperson_lefthand": {
			"rotation": [0, 95, 0],
			"translation": [0, 2.75, 1.5],
			"scale": [0.5, 0.5, 0.5]
		},
		"firstperson_righthand": {
			"rotation": [0, 75, 0],
			"translation": [0.5, 3.25, 0],
			"scale": [0.5, 0.5, 0.5]
		},
		"firstperson_lefthand": {
			"rotation": [0, 75, 0],
			"translation": [0.5, 3.25, 1.25],
			"scale": [0.5, 0.5, 0.5]
		},
		"ground": {
			"rotation": [160, -152, -95],
			"translation": [0, 1.75, 0],
			"scale": [0.5, 0.5, 0.5]
		},
		"gui": {
			"rotation": [0, -95, 0],
			"translation": [0, 0, 80]
		},
		"head": {
			"rotation": [0, 96, 0],
			"translation": [0, 9.25, -6.25],
			"scale": [0.5, 0.5, 0.5]
		},
		"fixed": {
			"rotation": [0, -95, 0],
			"translation": [-0.75, 0.25, 0]
		}
	},
	"groups": [
		{
			"name": "NA.3D",
			"origin": [8, 8, 8],
			"color": 0,
			"children": [
				{
					"name": "Na.3d.1",
					"origin": [8, 8, 8],
					"color": 0,
					"children": [0, 1, 2, 3, 4, 5, 6, 7, 8, 9]
				},
				{
					"name": "Na.3d.3",
					"origin": [8, 8, 8],
					"color": 0,
					"children": [10, 11, 12, 13, 14, 15, 16]
				},
				{
					"name": "Na.3d.2",
					"origin": [8, 8, 8],
					"color": 0,
					"children": [17, 18, 19, 20, 21, 22, 23]
				}
			]
		}
	]
}