{
	"format_version": "1.9.0",
	"credit": "Made with Blockbench",
	"textures": {
		"0": "item/golden_apple",
		"particle": "item/golden_apple"
	},
	"elements": [
		{
			"name": "apple_0",
			"from": [9, 13, 7],
			"to": [10, 15, 8],
			"rotation": {"angle": 0, "axis": "y", "origin": [0, 0, 7]},
			"faces": {
				"north": {"uv": [10, 1, 9, 3], "texture": "#0"},
				"east": {"uv": [9, 1, 10, 3], "texture": "#0"},
				"south": {"uv": [9, 1, 10, 3], "texture": "#0"},
				"west": {"uv": [9, 1, 10, 3], "texture": "#0"},
				"up": {"uv": [9, 1, 10, 2], "texture": "#0"},
				"down": {"uv": [9, 2, 10, 3], "texture": "#0"}
			}
		},
		{
			"name": "apple_1",
			"from": [8, 1, 7],
			"to": [9, 14, 8],
			"rotation": {"angle": 0, "axis": "y", "origin": [0, 0, 7]},
			"faces": {
				"north": {"uv": [9, 2, 8, 15], "texture": "#0"},
				"east": {"uv": [8, 2, 9, 15], "texture": "#0"},
				"south": {"uv": [8, 2, 9, 15], "texture": "#0"},
				"west": {"uv": [8, 2, 9, 15], "texture": "#0"},
				"up": {"uv": [8, 2, 9, 3], "texture": "#0"},
				"down": {"uv": [8, 14, 9, 15], "texture": "#0"}
			}
		},
		{
			"name": "apple_2",
			"from": [5, 1, 7],
			"to": [8, 12, 8],
			"rotation": {"angle": 0, "axis": "y", "origin": [0, 0, 7]},
			"faces": {
				"north": {"uv": [8, 4, 5, 15], "texture": "#0"},
				"east": {"uv": [7, 4, 8, 15], "texture": "#0"},
				"south": {"uv": [5, 4, 8, 15], "texture": "#0"},
				"west": {"uv": [5, 4, 6, 15], "texture": "#0"},
				"up": {"uv": [5, 5, 8, 6], "texture": "#0"},
				"down": {"uv": [5, 14, 8, 15], "texture": "#0"}
			}
		},
		{
			"name": "apple_3",
			"from": [9, 1, 7],
			"to": [11, 12, 8],
			"rotation": {"angle": 0, "axis": "y", "origin": [0, 0, 7]},
			"faces": {
				"north": {"uv": [11, 4, 9, 15], "texture": "#0"},
				"east": {"uv": [10, 4, 11, 15], "texture": "#0"},
				"south": {"uv": [9, 4, 11, 15], "texture": "#0"},
				"west": {"uv": [9, 4, 10, 15], "texture": "#0"},
				"up": {"uv": [9, 4, 11, 5], "texture": "#0"},
				"down": {"uv": [9, 14, 11, 15], "texture": "#0"}
			}
		},
		{
			"name": "apple_4",
			"from": [3, 3, 7],
			"to": [5, 11, 8],
			"rotation": {"angle": 0, "axis": "y", "origin": [0, 0, 7]},
			"faces": {
				"north": {"uv": [5, 5, 3, 13], "texture": "#0"},
				"east": {"uv": [4, 5, 5, 13], "texture": "#0"},
				"south": {"uv": [3, 5, 5, 13], "texture": "#0"},
				"west": {"uv": [3, 5, 4, 13], "texture": "#0"},
				"up": {"uv": [3, 5, 5, 6], "texture": "#0"},
				"down": {"uv": [3, 12, 5, 13], "texture": "#0"}
			}
		},
		{
			"name": "apple_5",
			"from": [11, 3, 7],
			"to": [13, 11, 8],
			"rotation": {"angle": 0, "axis": "y", "origin": [0, 0, 7]},
			"faces": {
				"north": {"uv": [13, 5, 11, 13], "texture": "#0"},
				"east": {"uv": [12, 5, 13, 13], "texture": "#0"},
				"south": {"uv": [11, 5, 13, 13], "texture": "#0"},
				"west": {"uv": [11, 5, 12, 13], "texture": "#0"},
				"up": {"uv": [11, 5, 13, 6], "texture": "#0"},
				"down": {"uv": [11, 12, 13, 13], "texture": "#0"}
			}
		},
		{
			"name": "apple_6",
			"from": [2, 5, 7],
			"to": [3, 10, 8],
			"rotation": {"angle": 0, "axis": "y", "origin": [0, 0, 7]},
			"faces": {
				"north": {"uv": [3, 6, 2, 11], "texture": "#0"},
				"east": {"uv": [2, 6, 3, 11], "texture": "#0"},
				"south": {"uv": [2, 6, 3, 11], "texture": "#0"},
				"west": {"uv": [2, 6, 3, 11], "texture": "#0"},
				"up": {"uv": [2, 6, 3, 7], "texture": "#0"},
				"down": {"uv": [2, 10, 3, 11], "texture": "#0"}
			}
		},
		{
			"name": "apple_7",
			"from": [13, 5, 7],
			"to": [14, 10, 8],
			"rotation": {"angle": 0, "axis": "y", "origin": [0, 0, 7]},
			"faces": {
				"north": {"uv": [14, 6, 13, 11], "texture": "#0"},
				"east": {"uv": [13, 6, 14, 11], "texture": "#0"},
				"south": {"uv": [13, 6, 14, 11], "texture": "#0"},
				"west": {"uv": [13, 6, 14, 11], "texture": "#0"},
				"up": {"uv": [13, 6, 14, 7], "texture": "#0"},
				"down": {"uv": [13, 10, 14, 11], "texture": "#0"}
			}
		},
		{
			"name": "apple_8",
			"from": [4, 2, 7],
			"to": [5, 3, 8],
			"rotation": {"angle": 0, "axis": "y", "origin": [0, 0, 7]},
			"faces": {
				"north": {"uv": [5, 13, 4, 14], "texture": "#0"},
				"east": {"uv": [4, 13, 5, 14], "texture": "#0"},
				"south": {"uv": [4, 13, 5, 14], "texture": "#0"},
				"west": {"uv": [4, 13, 5, 14], "texture": "#0"},
				"up": {"uv": [4, 13, 5, 14], "texture": "#0"},
				"down": {"uv": [4, 13, 5, 14], "texture": "#0"}
			}
		},
		{
			"name": "apple_9",
			"from": [11, 2, 7],
			"to": [12, 3, 8],
			"rotation": {"angle": 0, "axis": "y", "origin": [0, 0, 7]},
			"faces": {
				"north": {"uv": [12, 13, 11, 14], "texture": "#0"},
				"east": {"uv": [11, 13, 12, 14], "texture": "#0"},
				"south": {"uv": [11, 13, 12, 14], "texture": "#0"},
				"west": {"uv": [11, 13, 12, 14], "texture": "#0"},
				"up": {"uv": [11, 13, 12, 14], "texture": "#0"},
				"down": {"uv": [11, 13, 12, 14], "texture": "#0"}
			}
		},
		{
			"name": "apple_5",
			"from": [3, 5, 8],
			"to": [5, 10, 9],
			"rotation": {"angle": 0, "axis": "y", "origin": [8, 5, 9]},
			"faces": {
				"north": {"uv": [11, 5, 13, 13], "texture": "#0"},
				"east": {"uv": [11, 7, 12, 13], "texture": "#0"},
				"south": {"uv": [13, 6, 11, 11], "texture": "#0"},
				"west": {"uv": [12, 7, 13, 13], "texture": "#0"},
				"up": {"uv": [11, 5, 13, 6], "rotation": 180, "texture": "#0"},
				"down": {"uv": [11, 12, 13, 13], "rotation": 180, "texture": "#0"}
			}
		},
		{
			"name": "apple_3",
			"from": [5, 2, 8],
			"to": [7, 11, 9],
			"rotation": {"angle": 0, "axis": "y", "origin": [8, 5, 9]},
			"faces": {
				"north": {"uv": [9, 4, 11, 15], "texture": "#0"},
				"east": {"uv": [9, 4, 10, 15], "texture": "#0"},
				"south": {"uv": [11, 5, 9, 14], "texture": "#0"},
				"west": {"uv": [10, 4, 11, 15], "texture": "#0"},
				"up": {"uv": [9, 4, 11, 5], "rotation": 180, "texture": "#0"},
				"down": {"uv": [9, 14, 11, 15], "rotation": 180, "texture": "#0"}
			}
		},
		{
			"name": "apple_4",
			"from": [11, 4, 8],
			"to": [13, 10, 9],
			"rotation": {"angle": 0, "axis": "y", "origin": [8, 5, 9]},
			"faces": {
				"north": {"uv": [3, 5, 5, 13], "texture": "#0"},
				"east": {"uv": [3, 5, 4, 13], "texture": "#0"},
				"south": {"uv": [5, 6, 3, 12], "texture": "#0"},
				"west": {"uv": [4, 5, 5, 13], "texture": "#0"},
				"up": {"uv": [3, 5, 5, 6], "rotation": 180, "texture": "#0"},
				"down": {"uv": [3, 12, 5, 13], "rotation": 180, "texture": "#0"}
			}
		},
		{
			"name": "apple_1",
			"from": [4, 3, 8],
			"to": [5, 5, 9],
			"rotation": {"angle": 0, "axis": "y", "origin": [8, 5, 9]},
			"faces": {
				"north": {"uv": [2, 9, 3, 11], "texture": "#0"},
				"east": {"uv": [2, 9, 3, 11], "texture": "#0"},
				"south": {"uv": [4, 9, 3, 11], "texture": "#0"},
				"west": {"uv": [2, 9, 3, 11], "texture": "#0"},
				"up": {"uv": [2, 10, 3, 11], "rotation": 180, "texture": "#0"},
				"down": {"uv": [2, 10, 3, 11], "rotation": 180, "texture": "#0"}
			}
		},
		{
			"name": "apple_1",
			"from": [7, 2, 8],
			"to": [8, 11, 9],
			"rotation": {"angle": 0, "axis": "y", "origin": [8, 5, 9]},
			"faces": {
				"north": {"uv": [8, 2, 9, 15], "texture": "#0"},
				"east": {"uv": [8, 2, 9, 15], "texture": "#0"},
				"south": {"uv": [9, 5, 8, 14], "texture": "#0"},
				"west": {"uv": [8, 2, 9, 15], "texture": "#0"},
				"up": {"uv": [8, 2, 9, 3], "rotation": 180, "texture": "#0"},
				"down": {"uv": [8, 14, 9, 15], "rotation": 180, "texture": "#0"}
			}
		},
		{
			"name": "apple_1",
			"from": [11, 3, 8],
			"to": [12, 4, 9],
			"rotation": {"angle": 0, "axis": "y", "origin": [8, 5, 9]},
			"faces": {
				"north": {"uv": [8, 2, 9, 15], "texture": "#0"},
				"east": {"uv": [8, 14, 9, 15], "texture": "#0"},
				"south": {"uv": [12, 12, 11, 13], "texture": "#0"},
				"west": {"uv": [8, 2, 9, 15], "texture": "#0"},
				"up": {"uv": [8, 2, 9, 3], "rotation": 180, "texture": "#0"},
				"down": {"uv": [8, 14, 9, 15], "rotation": 180, "texture": "#0"}
			}
		},
		{
			"name": "apple_2",
			"from": [8, 2, 8],
			"to": [11, 11, 9],
			"rotation": {"angle": 0, "axis": "y", "origin": [8, 5, 9]},
			"faces": {
				"north": {"uv": [5, 4, 8, 15], "texture": "#0"},
				"east": {"uv": [5, 4, 6, 15], "texture": "#0"},
				"south": {"uv": [8, 5, 5, 14], "texture": "#0"},
				"west": {"uv": [7, 4, 8, 15], "texture": "#0"},
				"up": {"uv": [5, 6, 8, 7], "rotation": 180, "texture": "#0"},
				"down": {"uv": [5, 14, 8, 15], "rotation": 180, "texture": "#0"}
			}
		},
		{
			"name": "apple_5",
			"from": [11, 5, 6],
			"to": [13, 10, 7],
			"rotation": {"angle": 0, "axis": "y", "origin": [8, 5.5, 6.5]},
			"faces": {
				"north": {"uv": [13, 6, 11, 11], "texture": "#0"},
				"east": {"uv": [12, 5, 13, 13], "texture": "#0"},
				"south": {"uv": [11, 5, 13, 13], "texture": "#0"},
				"west": {"uv": [11, 5, 12, 13], "texture": "#0"},
				"up": {"uv": [11, 5, 13, 6], "texture": "#0"},
				"down": {"uv": [11, 12, 13, 13], "texture": "#0"}
			}
		},
		{
			"name": "apple_3",
			"from": [9, 2, 6],
			"to": [11, 11, 7],
			"rotation": {"angle": 0, "axis": "y", "origin": [8, 5.5, 6.5]},
			"faces": {
				"north": {"uv": [11, 5, 9, 14], "texture": "#0"},
				"east": {"uv": [10, 4, 11, 15], "texture": "#0"},
				"south": {"uv": [9, 4, 11, 15], "texture": "#0"},
				"west": {"uv": [9, 4, 10, 15], "texture": "#0"},
				"up": {"uv": [9, 4, 11, 5], "texture": "#0"},
				"down": {"uv": [9, 14, 11, 15], "texture": "#0"}
			}
		},
		{
			"name": "apple_4",
			"from": [3, 4, 6],
			"to": [5, 10, 7],
			"rotation": {"angle": 0, "axis": "y", "origin": [8, 5.5, 6.5]},
			"faces": {
				"north": {"uv": [5, 6, 3, 12], "texture": "#0"},
				"east": {"uv": [4, 5, 5, 13], "texture": "#0"},
				"south": {"uv": [3, 5, 5, 13], "texture": "#0"},
				"west": {"uv": [3, 5, 4, 13], "texture": "#0"},
				"up": {"uv": [3, 5, 5, 6], "texture": "#0"},
				"down": {"uv": [3, 12, 5, 13], "texture": "#0"}
			}
		},
		{
			"name": "apple_1",
			"from": [11, 3, 6],
			"to": [12, 5, 7],
			"rotation": {"angle": 0, "axis": "y", "origin": [8, 5.5, 6.5]},
			"faces": {
				"north": {"uv": [4, 9, 3, 11], "texture": "#0"},
				"east": {"uv": [2, 9, 3, 11], "texture": "#0"},
				"south": {"uv": [2, 9, 3, 11], "texture": "#0"},
				"west": {"uv": [2, 9, 3, 11], "texture": "#0"},
				"up": {"uv": [2, 10, 3, 11], "texture": "#0"},
				"down": {"uv": [2, 10, 3, 11], "texture": "#0"}
			}
		},
		{
			"name": "apple_1",
			"from": [4, 3, 6],
			"to": [5, 4, 7],
			"rotation": {"angle": 0, "axis": "y", "origin": [8, 5.5, 6.5]},
			"faces": {
				"north": {"uv": [12, 12, 11, 13], "texture": "#0"},
				"east": {"uv": [8, 2, 9, 15], "texture": "#0"},
				"south": {"uv": [8, 2, 9, 15], "texture": "#0"},
				"west": {"uv": [8, 14, 9, 15], "texture": "#0"},
				"up": {"uv": [8, 2, 9, 3], "texture": "#0"},
				"down": {"uv": [8, 14, 9, 15], "texture": "#0"}
			}
		},
		{
			"name": "apple_1",
			"from": [8, 2, 6],
			"to": [9, 11, 7],
			"rotation": {"angle": 0, "axis": "y", "origin": [8, 5.5, 6.5]},
			"faces": {
				"north": {"uv": [9, 5, 8, 14], "texture": "#0"},
				"east": {"uv": [8, 2, 9, 15], "texture": "#0"},
				"south": {"uv": [8, 2, 9, 15], "texture": "#0"},
				"west": {"uv": [8, 2, 9, 15], "texture": "#0"},
				"up": {"uv": [8, 2, 9, 3], "texture": "#0"},
				"down": {"uv": [8, 14, 9, 15], "texture": "#0"}
			}
		},
		{
			"name": "apple_2",
			"from": [5, 2, 6],
			"to": [8, 11, 7],
			"rotation": {"angle": 0, "axis": "y", "origin": [8, 5, 6]},
			"faces": {
				"north": {"uv": [8, 5, 5, 14], "texture": "#0"},
				"east": {"uv": [7, 4, 8, 15], "texture": "#0"},
				"south": {"uv": [5, 4, 8, 15], "texture": "#0"},
				"west": {"uv": [5, 6, 6, 15], "texture": "#0"},
				"up": {"uv": [5, 5, 8, 6], "texture": "#0"},
				"down": {"uv": [5, 14, 8, 15], "texture": "#0"}
			}
		},
		{
			"name": "apple_0",
			"from": [5, 12, 7],
			"to": [8, 13, 8],
			"rotation": {"angle": 0, "axis": "y", "origin": [-4, -1, 7]},
			"faces": {
				"north": {"uv": [8, 3, 5, 4], "texture": "#0"},
				"east": {"uv": [5, 3, 8, 4], "texture": "#0"},
				"south": {"uv": [5, 3, 8, 4], "texture": "#0"},
				"west": {"uv": [6, 3, 7, 4], "texture": "#0"},
				"up": {"uv": [6, 3, 7, 4], "texture": "#0"},
				"down": {"uv": [7, 3, 8, 4], "texture": "#0"}
			}
		},
		{
			"name": "apple_0",
			"from": [4, 13, 7],
			"to": [7, 14, 8],
			"rotation": {"angle": 0, "axis": "y", "origin": [-5, 0, 7]},
			"faces": {
				"north": {"uv": [7, 2, 4, 3], "texture": "#0"},
				"east": {"uv": [6, 3, 7, 2], "texture": "#0"},
				"south": {"uv": [4, 2, 7, 3], "texture": "#0"},
				"west": {"uv": [4, 2, 5, 3], "texture": "#0"},
				"up": {"uv": [4, 2, 7, 3], "texture": "#0"},
				"down": {"uv": [4, 2, 7, 3], "texture": "#0"}
			}
		}
	],
	"gui_light": "front",
	"display": {
		"thirdperson_righthand": {
			"translation": [0, 1.25, -0.25],
			"scale": [0.5, 0.5, 0.5]
		},
		"thirdperson_lefthand": {
			"translation": [0, 1.25, -0.25],
			"scale": [0.5, 0.5, 0.5]
		},
		"firstperson_righthand": {
			"rotation": [0, -47, 0],
			"translation": [1.5, 2, 0],
			"scale": [0.5, 0.5, 0.5]
		},
		"firstperson_lefthand": {
			"rotation": [0, -47, 0],
			"translation": [1.5, 2, 0],
			"scale": [0.5, 0.5, 0.5]
		},
		"ground": {
			"scale": [0.6, 0.6, 0.6]
		},
		"gui": {
			"rotation": [0, 15, 0],
			"translation": [0.5, 0.25, 80]
		},
		"head": {
			"translation": [0, 10, 0.25],
			"scale": [0.6, 0.6, 0.6]
		}
	},
	"groups": [
		{
			"name": "apple",
			"origin": [8, 8, 8],
			"color": 0,
			"children": [0, 1, 2, 3, 4, 5, 6, 7, 8, 9]
		},
		{
			"name": "group",
			"origin": [8, 8, 8],
			"color": 0,
			"children": [10, 11, 12, 13, 14, 15, 16]
		},
		{
			"name": "group",
			"origin": [8, 8, 8],
			"color": 0,
			"children": [17, 18, 19, 20, 21, 22, 23]
		},
		{
			"name": "group",
			"origin": [8, 8, 8],
			"color": 0,
			"children": []
		},
		24,
		25
	]
}