{
	"format_version": "1.9.0",
	"credit": "Made with Blockbench",
	"textures": {
		"0": "item/water_bucket",
		"particle": "item/water_bucket"
	},
	"elements": [
		{
			"from": [2, 0, 3],
			"to": [14, 17, 15],
			"light_emission": 6,
			"rotation": {"angle": 0, "axis": "y", "origin": [2, 0, 3]},
			"faces": {
				"north": {"uv": [4, 7, 12, 15], "texture": "#0"},
				"east": {"uv": [4, 7, 12, 15], "texture": "#0"},
				"south": {"uv": [4, 7, 12, 15], "texture": "#0"},
				"west": {"uv": [4, 7, 12, 15], "texture": "#0"},
				"up": {"uv": [5, 0, 11, 6], "texture": "#0"},
				"down": {"uv": [4, 8, 12, 15], "texture": "#0"}
			}
		}
	],
	"gui_light": "front",
	"display": {
		"thirdperson_righthand": {
			"translation": [0, -1.75, -1.25],
			"scale": [0.5, 0.5, 0.5]
		},
		"thirdperson_lefthand": {
			"translation": [0, -1.75, -1.25],
			"scale": [0.5, 0.5, 0.5]
		},
		"firstperson_righthand": {
			"translation": [-0.75, 0.25, 0],
			"scale": [0.5, 0.5, 0.5]
		},
		"firstperson_lefthand": {
			"translation": [-0.75, 0.25, 0],
			"scale": [0.5, 0.5, 0.5]
		},
		"ground": {
			"rotation": [0, 42, 51],
			"translation": [0, -0.75, 0],
			"scale": [0.5, 0.5, 0.5]
		},
		"gui": {
			"rotation": [17, 24, 0],
			"translation": [0, 0, 80],
			"scale": [0.75, 0.75, 0.75]
		},
		"head": {
			"rotation": [3, 42, -59],
			"translation": [-0.75, 10, 1.5],
			"scale": [0.5, 0.5, 0.5]
		},
		"fixed": {
			"rotation": [-17, -24, 0],
			"translation": [0, 0, -2],
			"scale": [0.5, 0.5, 0.5]
		}
	}
}