{
	"format_version": "1.9.0",
	"credit": "Made with Blockbench",
	"textures": {
		"0": "block/deepslate_coal_ore1",
		"particle": "block/deepslate_coal_ore1"
	},
	"elements": [
		{
			"from": [0, 0, 0],
			"to": [16, 16, 16],
			"faces": {
				"north": {"uv": [0, 0, 16, 16], "texture": "#0"},
				"east": {"uv": [0, 0, 16, 16], "texture": "#0"},
				"south": {"uv": [0, 0, 16, 16], "texture": "#0"},
				"west": {"uv": [0, 0, 16, 16], "texture": "#0"},
				"up": {"uv": [0, 0, 16, 16], "texture": "#0"},
				"down": {"uv": [0, 0, 16, 16], "texture": "#0"}
			}
		},
		{
			"from": [1, 3, 16],
			"to": [7, 4, 17],
			"rotation": {"angle": 0, "axis": "y", "origin": [1, 3, 16]},
			"faces": {
				"north": {"uv": [0, 0, 6, 1], "texture": "#missing"},
				"east": {"uv": [0, 0, 1, 1], "texture": "#0"},
				"south": {"uv": [1, 12, 7, 13], "texture": "#0"},
				"west": {"uv": [0, 0, 1, 1], "texture": "#0"},
				"up": {"uv": [0, 0, 6, 1], "texture": "#0"},
				"down": {"uv": [0, 0, 6, 1], "texture": "#0"}
			}
		},
		{
			"from": [13, 5, 16],
			"to": [15, 7, 17],
			"rotation": {"angle": 0, "axis": "y", "origin": [13, 5, 16]},
			"faces": {
				"north": {"uv": [0, 0, 2, 2], "texture": "#missing"},
				"east": {"uv": [0, 0, 1, 2], "texture": "#0"},
				"south": {"uv": [13, 9, 15, 11], "texture": "#0"},
				"west": {"uv": [0, 0, 1, 2], "texture": "#0"},
				"up": {"uv": [0, 0, 2, 1], "texture": "#0"},
				"down": {"uv": [0, 0, 2, 1], "texture": "#0"}
			}
		},
		{
			"from": [9, 11, 16],
			"to": [10, 12, 17],
			"rotation": {"angle": 0, "axis": "y", "origin": [9, 11, 16]},
			"faces": {
				"north": {"uv": [0, 0, 1, 1], "texture": "#missing"},
				"east": {"uv": [0, 0, 1, 1], "texture": "#0"},
				"south": {"uv": [9, 4, 10, 5], "texture": "#0"},
				"west": {"uv": [0, 0, 1, 1], "texture": "#missing"},
				"up": {"uv": [0, 0, 1, 1], "texture": "#missing"},
				"down": {"uv": [0, 0, 1, 1], "texture": "#0"}
			}
		},
		{
			"from": [10, 8, 16],
			"to": [13, 10, 17],
			"rotation": {"angle": 0, "axis": "y", "origin": [10, 8, 16]},
			"faces": {
				"north": {"uv": [0, 0, 3, 2], "texture": "#missing"},
				"east": {"uv": [0, 0, 1, 2], "texture": "#0"},
				"south": {"uv": [10, 6, 13, 8], "texture": "#0"},
				"west": {"uv": [0, 0, 1, 2], "texture": "#0"},
				"up": {"uv": [0, 0, 3, 1], "texture": "#0"},
				"down": {"uv": [0, 0, 3, 1], "texture": "#0"}
			}
		},
		{
			"from": [12, 13, 16],
			"to": [14, 14, 17],
			"rotation": {"angle": 0, "axis": "y", "origin": [12, 13, 16]},
			"faces": {
				"north": {"uv": [0, 0, 2, 1], "texture": "#missing"},
				"east": {"uv": [0, 0, 1, 1], "texture": "#0"},
				"south": {"uv": [12, 2, 14, 3], "texture": "#0"},
				"west": {"uv": [0, 0, 1, 1], "texture": "#0"},
				"up": {"uv": [0, 0, 2, 1], "texture": "#0"},
				"down": {"uv": [0, 0, 2, 1], "texture": "#0"}
			}
		},
		{
			"from": [9, 12, 16],
			"to": [11, 13, 17],
			"rotation": {"angle": 0, "axis": "y", "origin": [9, 12, 16]},
			"faces": {
				"north": {"uv": [0, 0, 2, 1], "texture": "#missing"},
				"east": {"uv": [0, 0, 1, 1], "texture": "#0"},
				"south": {"uv": [9, 3, 11, 4], "texture": "#0"},
				"west": {"uv": [0, 0, 1, 1], "texture": "#missing"},
				"up": {"uv": [0, 0, 2, 1], "texture": "#0"},
				"down": {"uv": [0, 0, 2, 1], "texture": "#0"}
			}
		},
		{
			"from": [5, 12, 16],
			"to": [6, 14, 17],
			"rotation": {"angle": 0, "axis": "y", "origin": [5, 12, 16]},
			"faces": {
				"north": {"uv": [0, 0, 1, 2], "texture": "#missing"},
				"east": {"uv": [0, 0, 1, 2], "texture": "#missing"},
				"south": {"uv": [6, 2, 5, 4], "texture": "#0"},
				"west": {"uv": [0, 0, 1, 2], "texture": "#0"},
				"up": {"uv": [0, 0, 1, 1], "texture": "#0"},
				"down": {"uv": [0, 0, 1, 1], "texture": "#0"}
			}
		},
		{
			"from": [6, 11, 16],
			"to": [9, 14, 17],
			"rotation": {"angle": 0, "axis": "y", "origin": [6, 11, 16]},
			"faces": {
				"north": {"uv": [0, 0, 3, 3], "texture": "#missing"},
				"east": {"uv": [0, 0, 1, 3], "texture": "#0"},
				"south": {"uv": [6, 2, 9, 5], "texture": "#0"},
				"west": {"uv": [0, 0, 1, 3], "texture": "#0"},
				"up": {"uv": [0, 0, 3, 1], "texture": "#0"},
				"down": {"uv": [0, 0, 3, 1], "texture": "#0"}
			}
		},
		{
			"from": [1, 11, 16],
			"to": [3, 12, 17],
			"rotation": {"angle": 0, "axis": "y", "origin": [1, 11, 16]},
			"faces": {
				"north": {"uv": [0, 0, 2, 1], "texture": "#missing"},
				"east": {"uv": [0, 0, 1, 1], "texture": "#0"},
				"south": {"uv": [1, 4, 3, 5], "texture": "#0"},
				"west": {"uv": [0, 0, 1, 1], "texture": "#0"},
				"up": {"uv": [0, 0, 2, 1], "texture": "#0"},
				"down": {"uv": [0, 0, 2, 1], "texture": "#0"}
			}
		},
		{
			"from": [3, 7, 16],
			"to": [4, 8, 17],
			"rotation": {"angle": 0, "axis": "y", "origin": [3, 7, 16]},
			"faces": {
				"north": {"uv": [0, 0, 1, 1], "texture": "#missing"},
				"east": {"uv": [0, 0, 1, 1], "texture": "#missing"},
				"south": {"uv": [3, 8, 4, 9], "texture": "#0"},
				"west": {"uv": [0, 0, 1, 1], "texture": "#0"},
				"up": {"uv": [0, 0, 1, 1], "texture": "#0"},
				"down": {"uv": [0, 0, 1, 1], "texture": "#0"}
			}
		},
		{
			"from": [6, 8, 16],
			"to": [7, 9, 17],
			"rotation": {"angle": 0, "axis": "y", "origin": [6, 8, 16]},
			"faces": {
				"north": {"uv": [0, 0, 1, 1], "texture": "#missing"},
				"east": {"uv": [0, 0, 1, 1], "texture": "#0"},
				"south": {"uv": [6, 7, 7, 8], "texture": "#0"},
				"west": {"uv": [0, 0, 1, 1], "texture": "#missing"},
				"up": {"uv": [0, 0, 1, 1], "texture": "#0"},
				"down": {"uv": [0, 0, 1, 1], "texture": "#missing"}
			}
		},
		{
			"from": [6, 7, 16],
			"to": [8, 8, 17],
			"rotation": {"angle": 0, "axis": "y", "origin": [6, 7, 16]},
			"faces": {
				"north": {"uv": [0, 0, 2, 1], "texture": "#missing"},
				"east": {"uv": [0, 0, 1, 1], "texture": "#0"},
				"south": {"uv": [6, 8, 8, 9], "texture": "#0"},
				"west": {"uv": [0, 0, 1, 1], "texture": "#missing"},
				"up": {"uv": [0, 0, 2, 1], "texture": "#0"},
				"down": {"uv": [0, 0, 2, 1], "texture": "#0"}
			}
		},
		{
			"from": [4, 6, 16],
			"to": [6, 9, 17],
			"rotation": {"angle": 0, "axis": "y", "origin": [4, 6, 16]},
			"faces": {
				"north": {"uv": [0, 0, 2, 3], "texture": "#missing"},
				"east": {"uv": [0, 0, 1, 3], "texture": "#0"},
				"south": {"uv": [4, 7, 6, 10], "texture": "#0"},
				"west": {"uv": [0, 0, 1, 3], "texture": "#0"},
				"up": {"uv": [0, 0, 2, 1], "texture": "#0"},
				"down": {"uv": [0, 0, 2, 1], "texture": "#0"}
			}
		},
		{
			"from": [2, 4, 16],
			"to": [4, 5, 17],
			"rotation": {"angle": 0, "axis": "y", "origin": [2, 4, 16]},
			"faces": {
				"north": {"uv": [0, 0, 2, 1], "texture": "#missing"},
				"east": {"uv": [0, 0, 1, 1], "texture": "#0"},
				"south": {"uv": [2, 11, 4, 12], "texture": "#0"},
				"west": {"uv": [0, 0, 1, 1], "texture": "#0"},
				"up": {"uv": [0, 0, 2, 1], "texture": "#0"},
				"down": {"uv": [0, 0, 2, 1], "texture": "#missing"}
			}
		},
		{
			"from": [2, 2, 16],
			"to": [5, 3, 17],
			"rotation": {"angle": 0, "axis": "y", "origin": [2, 2, 16]},
			"faces": {
				"north": {"uv": [0, 0, 3, 1], "texture": "#missing"},
				"east": {"uv": [0, 0, 1, 1], "texture": "#0"},
				"south": {"uv": [2, 13, 5, 14], "texture": "#0"},
				"west": {"uv": [0, 0, 1, 1], "texture": "#0"},
				"up": {"uv": [0, 0, 3, 1], "texture": "#missing"},
				"down": {"uv": [0, 0, 3, 1], "texture": "#0"}
			}
		},
		{
			"from": [6, 1, 16],
			"to": [8, 2, 17],
			"rotation": {"angle": 0, "axis": "y", "origin": [6, 1, 16]},
			"faces": {
				"north": {"uv": [0, 0, 2, 1], "texture": "#missing"},
				"east": {"uv": [0, 0, 1, 1], "texture": "#0"},
				"south": {"uv": [6, 14, 8, 15], "texture": "#0"},
				"west": {"uv": [0, 0, 1, 1], "texture": "#0"},
				"up": {"uv": [0, 0, 2, 1], "texture": "#0"},
				"down": {"uv": [0, 0, 2, 1], "texture": "#0"}
			}
		},
		{
			"from": [10, 1, 16],
			"to": [11, 2, 17],
			"rotation": {"angle": 0, "axis": "y", "origin": [10, 1, 16]},
			"faces": {
				"north": {"uv": [0, 0, 1, 1], "texture": "#missing"},
				"east": {"uv": [0, 0, 1, 1], "texture": "#0"},
				"south": {"uv": [10, 14, 11, 15], "texture": "#0"},
				"west": {"uv": [0, 0, 1, 1], "texture": "#0"},
				"up": {"uv": [0, 0, 1, 1], "texture": "#missing"},
				"down": {"uv": [0, 0, 1, 1], "texture": "#0"}
			}
		},
		{
			"from": [10, 4, 16],
			"to": [12, 5, 17],
			"rotation": {"angle": 0, "axis": "y", "origin": [10, 4, 16]},
			"faces": {
				"north": {"uv": [0, 0, 2, 1], "texture": "#missing"},
				"east": {"uv": [0, 0, 1, 1], "texture": "#0"},
				"south": {"uv": [10, 11, 12, 12], "texture": "#0"},
				"west": {"uv": [0, 0, 1, 1], "texture": "#0"},
				"up": {"uv": [0, 0, 2, 1], "texture": "#0"},
				"down": {"uv": [0, 0, 2, 1], "texture": "#missing"}
			}
		},
		{
			"from": [9, 2, 16],
			"to": [13, 4, 17],
			"rotation": {"angle": 0, "axis": "y", "origin": [9, 2, 16]},
			"faces": {
				"north": {"uv": [0, 0, 4, 2], "texture": "#missing"},
				"east": {"uv": [0, 0, 1, 2], "texture": "#0"},
				"south": {"uv": [9, 12, 13, 14], "texture": "#0"},
				"west": {"uv": [0, 0, 1, 2], "texture": "#0"},
				"up": {"uv": [0, 0, 4, 1], "texture": "#0"},
				"down": {"uv": [0, 0, 4, 1], "texture": "#0"}
			}
		},
		{
			"from": [9, 3, -1],
			"to": [15, 4, 0],
			"rotation": {"angle": 0, "axis": "y", "origin": [8, 7.5, -0.5]},
			"faces": {
				"north": {"uv": [1, 12, 7, 13], "texture": "#0"},
				"east": {"uv": [0, 0, 1, 1], "texture": "#0"},
				"south": {"uv": [0, 0, 6, 1], "texture": "#missing"},
				"west": {"uv": [0, 0, 1, 1], "texture": "#0"},
				"up": {"uv": [0, 0, 6, 1], "rotation": 180, "texture": "#0"},
				"down": {"uv": [0, 0, 6, 1], "rotation": 180, "texture": "#0"}
			}
		},
		{
			"from": [1, 5, -1],
			"to": [3, 7, 0],
			"rotation": {"angle": 0, "axis": "y", "origin": [8, 7.5, -0.5]},
			"faces": {
				"north": {"uv": [13, 9, 15, 11], "texture": "#0"},
				"east": {"uv": [0, 0, 1, 2], "texture": "#0"},
				"south": {"uv": [0, 0, 2, 2], "texture": "#missing"},
				"west": {"uv": [0, 0, 1, 2], "texture": "#0"},
				"up": {"uv": [0, 0, 2, 1], "rotation": 180, "texture": "#0"},
				"down": {"uv": [0, 0, 2, 1], "rotation": 180, "texture": "#0"}
			}
		},
		{
			"from": [6, 11, -1],
			"to": [7, 12, 0],
			"rotation": {"angle": 0, "axis": "y", "origin": [8, 7.5, -0.5]},
			"faces": {
				"north": {"uv": [9, 4, 10, 5], "texture": "#0"},
				"east": {"uv": [0, 0, 1, 1], "texture": "#missing"},
				"south": {"uv": [0, 0, 1, 1], "texture": "#missing"},
				"west": {"uv": [0, 0, 1, 1], "texture": "#0"},
				"up": {"uv": [0, 0, 1, 1], "rotation": 180, "texture": "#missing"},
				"down": {"uv": [0, 0, 1, 1], "rotation": 180, "texture": "#0"}
			}
		},
		{
			"from": [3, 8, -1],
			"to": [6, 10, 0],
			"rotation": {"angle": 0, "axis": "y", "origin": [8, 7.5, -0.5]},
			"faces": {
				"north": {"uv": [10, 6, 13, 8], "texture": "#0"},
				"east": {"uv": [0, 0, 1, 2], "texture": "#0"},
				"south": {"uv": [0, 0, 3, 2], "texture": "#missing"},
				"west": {"uv": [0, 0, 1, 2], "texture": "#0"},
				"up": {"uv": [0, 0, 3, 1], "rotation": 180, "texture": "#0"},
				"down": {"uv": [0, 0, 3, 1], "rotation": 180, "texture": "#0"}
			}
		},
		{
			"from": [2, 13, -1],
			"to": [4, 14, 0],
			"rotation": {"angle": 0, "axis": "y", "origin": [8, 7.5, -0.5]},
			"faces": {
				"north": {"uv": [12, 2, 14, 3], "texture": "#0"},
				"east": {"uv": [0, 0, 1, 1], "texture": "#0"},
				"south": {"uv": [0, 0, 2, 1], "texture": "#missing"},
				"west": {"uv": [0, 0, 1, 1], "texture": "#0"},
				"up": {"uv": [0, 0, 2, 1], "rotation": 180, "texture": "#0"},
				"down": {"uv": [0, 0, 2, 1], "rotation": 180, "texture": "#0"}
			}
		},
		{
			"from": [5, 12, -1],
			"to": [7, 13, 0],
			"rotation": {"angle": 0, "axis": "y", "origin": [8, 7.5, -0.5]},
			"faces": {
				"north": {"uv": [9, 3, 11, 4], "texture": "#0"},
				"east": {"uv": [0, 0, 1, 1], "texture": "#missing"},
				"south": {"uv": [0, 0, 2, 1], "texture": "#missing"},
				"west": {"uv": [0, 0, 1, 1], "texture": "#0"},
				"up": {"uv": [0, 0, 2, 1], "rotation": 180, "texture": "#0"},
				"down": {"uv": [0, 0, 2, 1], "rotation": 180, "texture": "#0"}
			}
		},
		{
			"from": [10, 12, -1],
			"to": [11, 14, 0],
			"rotation": {"angle": 0, "axis": "y", "origin": [8, 7.5, -0.5]},
			"faces": {
				"north": {"uv": [6, 2, 5, 4], "texture": "#0"},
				"east": {"uv": [0, 0, 1, 2], "texture": "#0"},
				"south": {"uv": [0, 0, 1, 2], "texture": "#missing"},
				"west": {"uv": [0, 0, 1, 2], "texture": "#missing"},
				"up": {"uv": [0, 0, 1, 1], "rotation": 180, "texture": "#0"},
				"down": {"uv": [0, 0, 1, 1], "rotation": 180, "texture": "#0"}
			}
		},
		{
			"from": [7, 11, -1],
			"to": [10, 14, 0],
			"rotation": {"angle": 0, "axis": "y", "origin": [8, 7.5, -0.5]},
			"faces": {
				"north": {"uv": [6, 2, 9, 5], "texture": "#0"},
				"east": {"uv": [0, 0, 1, 3], "texture": "#0"},
				"south": {"uv": [0, 0, 3, 3], "texture": "#missing"},
				"west": {"uv": [0, 0, 1, 3], "texture": "#0"},
				"up": {"uv": [0, 0, 3, 1], "rotation": 180, "texture": "#0"},
				"down": {"uv": [0, 0, 3, 1], "rotation": 180, "texture": "#0"}
			}
		},
		{
			"from": [13, 11, -1],
			"to": [15, 12, 0],
			"rotation": {"angle": 0, "axis": "y", "origin": [8, 7.5, -0.5]},
			"faces": {
				"north": {"uv": [1, 4, 3, 5], "texture": "#0"},
				"east": {"uv": [0, 0, 1, 1], "texture": "#0"},
				"south": {"uv": [0, 0, 2, 1], "texture": "#missing"},
				"west": {"uv": [0, 0, 1, 1], "texture": "#0"},
				"up": {"uv": [0, 0, 2, 1], "rotation": 180, "texture": "#0"},
				"down": {"uv": [0, 0, 2, 1], "rotation": 180, "texture": "#0"}
			}
		},
		{
			"from": [12, 7, -1],
			"to": [13, 8, 0],
			"rotation": {"angle": 0, "axis": "y", "origin": [8, 7.5, -0.5]},
			"faces": {
				"north": {"uv": [3, 8, 4, 9], "texture": "#0"},
				"east": {"uv": [0, 0, 1, 1], "texture": "#0"},
				"south": {"uv": [0, 0, 1, 1], "texture": "#missing"},
				"west": {"uv": [0, 0, 1, 1], "texture": "#missing"},
				"up": {"uv": [0, 0, 1, 1], "rotation": 180, "texture": "#0"},
				"down": {"uv": [0, 0, 1, 1], "rotation": 180, "texture": "#0"}
			}
		},
		{
			"from": [9, 8, -1],
			"to": [10, 9, 0],
			"rotation": {"angle": 0, "axis": "y", "origin": [8, 7.5, -0.5]},
			"faces": {
				"north": {"uv": [6, 7, 7, 8], "texture": "#0"},
				"east": {"uv": [0, 0, 1, 1], "texture": "#missing"},
				"south": {"uv": [0, 0, 1, 1], "texture": "#missing"},
				"west": {"uv": [0, 0, 1, 1], "texture": "#0"},
				"up": {"uv": [0, 0, 1, 1], "rotation": 180, "texture": "#0"},
				"down": {"uv": [0, 0, 1, 1], "rotation": 180, "texture": "#missing"}
			}
		},
		{
			"from": [8, 7, -1],
			"to": [10, 8, 0],
			"rotation": {"angle": 0, "axis": "y", "origin": [8, 7.5, -0.5]},
			"faces": {
				"north": {"uv": [6, 8, 8, 9], "texture": "#0"},
				"east": {"uv": [0, 0, 1, 1], "texture": "#missing"},
				"south": {"uv": [0, 0, 2, 1], "texture": "#missing"},
				"west": {"uv": [0, 0, 1, 1], "texture": "#0"},
				"up": {"uv": [0, 0, 2, 1], "rotation": 180, "texture": "#0"},
				"down": {"uv": [0, 0, 2, 1], "rotation": 180, "texture": "#0"}
			}
		},
		{
			"from": [10, 6, -1],
			"to": [12, 9, 0],
			"rotation": {"angle": 0, "axis": "y", "origin": [8, 7.5, -0.5]},
			"faces": {
				"north": {"uv": [4, 7, 6, 10], "texture": "#0"},
				"east": {"uv": [0, 0, 1, 3], "texture": "#0"},
				"south": {"uv": [0, 0, 2, 3], "texture": "#missing"},
				"west": {"uv": [0, 0, 1, 3], "texture": "#0"},
				"up": {"uv": [0, 0, 2, 1], "rotation": 180, "texture": "#0"},
				"down": {"uv": [0, 0, 2, 1], "rotation": 180, "texture": "#0"}
			}
		},
		{
			"from": [12, 4, -1],
			"to": [14, 5, 0],
			"rotation": {"angle": 0, "axis": "y", "origin": [8, 7.5, -0.5]},
			"faces": {
				"north": {"uv": [2, 11, 4, 12], "texture": "#0"},
				"east": {"uv": [0, 0, 1, 1], "texture": "#0"},
				"south": {"uv": [0, 0, 2, 1], "texture": "#missing"},
				"west": {"uv": [0, 0, 1, 1], "texture": "#0"},
				"up": {"uv": [0, 0, 2, 1], "rotation": 180, "texture": "#0"},
				"down": {"uv": [0, 0, 2, 1], "rotation": 180, "texture": "#missing"}
			}
		},
		{
			"from": [11, 2, -1],
			"to": [14, 3, 0],
			"rotation": {"angle": 0, "axis": "y", "origin": [8, 7.5, -0.5]},
			"faces": {
				"north": {"uv": [2, 13, 5, 14], "texture": "#0"},
				"east": {"uv": [0, 0, 1, 1], "texture": "#0"},
				"south": {"uv": [0, 0, 3, 1], "texture": "#missing"},
				"west": {"uv": [0, 0, 1, 1], "texture": "#0"},
				"up": {"uv": [0, 0, 3, 1], "rotation": 180, "texture": "#missing"},
				"down": {"uv": [0, 0, 3, 1], "rotation": 180, "texture": "#0"}
			}
		},
		{
			"from": [8, 1, -1],
			"to": [10, 2, 0],
			"rotation": {"angle": 0, "axis": "y", "origin": [8, 7.5, -0.5]},
			"faces": {
				"north": {"uv": [6, 14, 8, 15], "texture": "#0"},
				"east": {"uv": [0, 0, 1, 1], "texture": "#0"},
				"south": {"uv": [0, 0, 2, 1], "texture": "#missing"},
				"west": {"uv": [0, 0, 1, 1], "texture": "#0"},
				"up": {"uv": [0, 0, 2, 1], "rotation": 180, "texture": "#0"},
				"down": {"uv": [0, 0, 2, 1], "rotation": 180, "texture": "#0"}
			}
		},
		{
			"from": [5, 1, -1],
			"to": [6, 2, 0],
			"rotation": {"angle": 0, "axis": "y", "origin": [8, 7.5, -0.5]},
			"faces": {
				"north": {"uv": [10, 14, 11, 15], "texture": "#0"},
				"east": {"uv": [0, 0, 1, 1], "texture": "#0"},
				"south": {"uv": [0, 0, 1, 1], "texture": "#missing"},
				"west": {"uv": [0, 0, 1, 1], "texture": "#0"},
				"up": {"uv": [0, 0, 1, 1], "rotation": 180, "texture": "#missing"},
				"down": {"uv": [0, 0, 1, 1], "rotation": 180, "texture": "#0"}
			}
		},
		{
			"from": [4, 4, -1],
			"to": [6, 5, 0],
			"rotation": {"angle": 0, "axis": "y", "origin": [8, 7.5, -0.5]},
			"faces": {
				"north": {"uv": [10, 11, 12, 12], "texture": "#0"},
				"east": {"uv": [0, 0, 1, 1], "texture": "#0"},
				"south": {"uv": [0, 0, 2, 1], "texture": "#missing"},
				"west": {"uv": [0, 0, 1, 1], "texture": "#0"},
				"up": {"uv": [0, 0, 2, 1], "rotation": 180, "texture": "#0"},
				"down": {"uv": [0, 0, 2, 1], "rotation": 180, "texture": "#missing"}
			}
		},
		{
			"from": [3, 2, -1],
			"to": [7, 4, 0],
			"rotation": {"angle": 0, "axis": "y", "origin": [8, 7.5, -0.5]},
			"faces": {
				"north": {"uv": [9, 12, 13, 14], "texture": "#0"},
				"east": {"uv": [0, 0, 1, 2], "texture": "#0"},
				"south": {"uv": [0, 0, 4, 2], "texture": "#missing"},
				"west": {"uv": [0, 0, 1, 2], "texture": "#0"},
				"up": {"uv": [0, 0, 4, 1], "rotation": 180, "texture": "#0"},
				"down": {"uv": [0, 0, 4, 1], "rotation": 180, "texture": "#0"}
			}
		},
		{
			"from": [1, 16, 12],
			"to": [7, 17, 13],
			"rotation": {"angle": 0, "axis": "x", "origin": [8, 16.5, 8.5]},
			"faces": {
				"north": {"uv": [0, 0, 6, 1], "rotation": 180, "texture": "#0"},
				"east": {"uv": [0, 0, 1, 1], "rotation": 90, "texture": "#0"},
				"south": {"uv": [0, 0, 6, 1], "texture": "#0"},
				"west": {"uv": [0, 0, 1, 1], "rotation": 270, "texture": "#0"},
				"up": {"uv": [1, 12, 7, 13], "texture": "#0"},
				"down": {"uv": [0, 0, 6, 1], "rotation": 180, "texture": "#missing"}
			}
		},
		{
			"from": [13, 16, 9],
			"to": [15, 17, 11],
			"rotation": {"angle": 0, "axis": "x", "origin": [8, 16.5, 8.5]},
			"faces": {
				"north": {"uv": [0, 0, 2, 1], "rotation": 180, "texture": "#0"},
				"east": {"uv": [0, 0, 1, 2], "rotation": 90, "texture": "#0"},
				"south": {"uv": [0, 0, 2, 1], "texture": "#0"},
				"west": {"uv": [0, 0, 1, 2], "rotation": 270, "texture": "#0"},
				"up": {"uv": [13, 9, 15, 11], "texture": "#0"},
				"down": {"uv": [0, 0, 2, 2], "rotation": 180, "texture": "#missing"}
			}
		},
		{
			"from": [9, 16, 4],
			"to": [10, 17, 5],
			"rotation": {"angle": 0, "axis": "x", "origin": [8, 16.5, 8.5]},
			"faces": {
				"north": {"uv": [0, 0, 1, 1], "rotation": 180, "texture": "#missing"},
				"east": {"uv": [0, 0, 1, 1], "rotation": 90, "texture": "#0"},
				"south": {"uv": [0, 0, 1, 1], "texture": "#0"},
				"west": {"uv": [0, 0, 1, 1], "rotation": 270, "texture": "#missing"},
				"up": {"uv": [9, 4, 10, 5], "texture": "#0"},
				"down": {"uv": [0, 0, 1, 1], "rotation": 180, "texture": "#missing"}
			}
		},
		{
			"from": [10, 16, 6],
			"to": [13, 17, 8],
			"rotation": {"angle": 0, "axis": "x", "origin": [8, 16.5, 8.5]},
			"faces": {
				"north": {"uv": [0, 0, 3, 1], "rotation": 180, "texture": "#0"},
				"east": {"uv": [0, 0, 1, 2], "rotation": 90, "texture": "#0"},
				"south": {"uv": [0, 0, 3, 1], "texture": "#0"},
				"west": {"uv": [0, 0, 1, 2], "rotation": 270, "texture": "#0"},
				"up": {"uv": [10, 6, 13, 8], "texture": "#0"},
				"down": {"uv": [0, 0, 3, 2], "rotation": 180, "texture": "#missing"}
			}
		},
		{
			"from": [12, 16, 2],
			"to": [14, 17, 3],
			"rotation": {"angle": 0, "axis": "x", "origin": [8, 16.5, 8.5]},
			"faces": {
				"north": {"uv": [0, 0, 2, 1], "rotation": 180, "texture": "#0"},
				"east": {"uv": [0, 0, 1, 1], "rotation": 90, "texture": "#0"},
				"south": {"uv": [0, 0, 2, 1], "texture": "#0"},
				"west": {"uv": [0, 0, 1, 1], "rotation": 270, "texture": "#0"},
				"up": {"uv": [12, 2, 14, 3], "texture": "#0"},
				"down": {"uv": [0, 0, 2, 1], "rotation": 180, "texture": "#missing"}
			}
		},
		{
			"from": [9, 16, 3],
			"to": [11, 17, 4],
			"rotation": {"angle": 0, "axis": "x", "origin": [8, 16.5, 8.5]},
			"faces": {
				"north": {"uv": [0, 0, 2, 1], "rotation": 180, "texture": "#0"},
				"east": {"uv": [0, 0, 1, 1], "rotation": 90, "texture": "#0"},
				"south": {"uv": [0, 0, 2, 1], "texture": "#0"},
				"west": {"uv": [0, 0, 1, 1], "rotation": 270, "texture": "#missing"},
				"up": {"uv": [9, 3, 11, 4], "texture": "#0"},
				"down": {"uv": [0, 0, 2, 1], "rotation": 180, "texture": "#missing"}
			}
		},
		{
			"from": [5, 16, 2],
			"to": [6, 17, 4],
			"rotation": {"angle": 0, "axis": "x", "origin": [8, 16.5, 8.5]},
			"faces": {
				"north": {"uv": [0, 0, 1, 1], "rotation": 180, "texture": "#0"},
				"east": {"uv": [0, 0, 1, 2], "rotation": 90, "texture": "#missing"},
				"south": {"uv": [0, 0, 1, 1], "texture": "#0"},
				"west": {"uv": [0, 0, 1, 2], "rotation": 270, "texture": "#0"},
				"up": {"uv": [6, 2, 5, 4], "texture": "#0"},
				"down": {"uv": [0, 0, 1, 2], "rotation": 180, "texture": "#missing"}
			}
		},
		{
			"from": [6, 16, 2],
			"to": [9, 17, 5],
			"rotation": {"angle": 0, "axis": "x", "origin": [8, 16.5, 8.5]},
			"faces": {
				"north": {"uv": [0, 0, 3, 1], "rotation": 180, "texture": "#0"},
				"east": {"uv": [0, 0, 1, 3], "rotation": 90, "texture": "#0"},
				"south": {"uv": [0, 0, 3, 1], "texture": "#0"},
				"west": {"uv": [0, 0, 1, 3], "rotation": 270, "texture": "#0"},
				"up": {"uv": [6, 2, 9, 5], "texture": "#0"},
				"down": {"uv": [0, 0, 3, 3], "rotation": 180, "texture": "#missing"}
			}
		},
		{
			"from": [1, 16, 4],
			"to": [3, 17, 5],
			"rotation": {"angle": 0, "axis": "x", "origin": [8, 16.5, 8.5]},
			"faces": {
				"north": {"uv": [0, 0, 2, 1], "rotation": 180, "texture": "#0"},
				"east": {"uv": [0, 0, 1, 1], "rotation": 90, "texture": "#0"},
				"south": {"uv": [0, 0, 2, 1], "texture": "#0"},
				"west": {"uv": [0, 0, 1, 1], "rotation": 270, "texture": "#0"},
				"up": {"uv": [1, 4, 3, 5], "texture": "#0"},
				"down": {"uv": [0, 0, 2, 1], "rotation": 180, "texture": "#missing"}
			}
		},
		{
			"from": [3, 16, 8],
			"to": [4, 17, 9],
			"rotation": {"angle": 0, "axis": "x", "origin": [8, 16.5, 8.5]},
			"faces": {
				"north": {"uv": [0, 0, 1, 1], "rotation": 180, "texture": "#0"},
				"east": {"uv": [0, 0, 1, 1], "rotation": 90, "texture": "#missing"},
				"south": {"uv": [0, 0, 1, 1], "texture": "#0"},
				"west": {"uv": [0, 0, 1, 1], "rotation": 270, "texture": "#0"},
				"up": {"uv": [3, 8, 4, 9], "texture": "#0"},
				"down": {"uv": [0, 0, 1, 1], "rotation": 180, "texture": "#missing"}
			}
		},
		{
			"from": [6, 16, 7],
			"to": [7, 17, 8],
			"rotation": {"angle": 0, "axis": "x", "origin": [8, 16.5, 8.5]},
			"faces": {
				"north": {"uv": [0, 0, 1, 1], "rotation": 180, "texture": "#0"},
				"east": {"uv": [0, 0, 1, 1], "rotation": 90, "texture": "#0"},
				"south": {"uv": [0, 0, 1, 1], "texture": "#missing"},
				"west": {"uv": [0, 0, 1, 1], "rotation": 270, "texture": "#missing"},
				"up": {"uv": [6, 7, 7, 8], "texture": "#0"},
				"down": {"uv": [0, 0, 1, 1], "rotation": 180, "texture": "#missing"}
			}
		},
		{
			"from": [6, 16, 8],
			"to": [8, 17, 9],
			"rotation": {"angle": 0, "axis": "x", "origin": [8, 16.5, 8.5]},
			"faces": {
				"north": {"uv": [0, 0, 2, 1], "rotation": 180, "texture": "#0"},
				"east": {"uv": [0, 0, 1, 1], "rotation": 90, "texture": "#0"},
				"south": {"uv": [0, 0, 2, 1], "texture": "#0"},
				"west": {"uv": [0, 0, 1, 1], "rotation": 270, "texture": "#missing"},
				"up": {"uv": [6, 8, 8, 9], "texture": "#0"},
				"down": {"uv": [0, 0, 2, 1], "rotation": 180, "texture": "#missing"}
			}
		},
		{
			"from": [4, 16, 7],
			"to": [6, 17, 10],
			"rotation": {"angle": 0, "axis": "x", "origin": [8, 16.5, 8.5]},
			"faces": {
				"north": {"uv": [0, 0, 2, 1], "rotation": 180, "texture": "#0"},
				"east": {"uv": [0, 0, 1, 3], "rotation": 90, "texture": "#0"},
				"south": {"uv": [0, 0, 2, 1], "texture": "#0"},
				"west": {"uv": [0, 0, 1, 3], "rotation": 270, "texture": "#0"},
				"up": {"uv": [4, 7, 6, 10], "texture": "#0"},
				"down": {"uv": [0, 0, 2, 3], "rotation": 180, "texture": "#missing"}
			}
		},
		{
			"from": [2, 16, 11],
			"to": [4, 17, 12],
			"rotation": {"angle": 0, "axis": "x", "origin": [8, 16.5, 8.5]},
			"faces": {
				"north": {"uv": [0, 0, 2, 1], "rotation": 180, "texture": "#0"},
				"east": {"uv": [0, 0, 1, 1], "rotation": 90, "texture": "#0"},
				"south": {"uv": [0, 0, 2, 1], "texture": "#missing"},
				"west": {"uv": [0, 0, 1, 1], "rotation": 270, "texture": "#0"},
				"up": {"uv": [2, 11, 4, 12], "texture": "#0"},
				"down": {"uv": [0, 0, 2, 1], "rotation": 180, "texture": "#missing"}
			}
		},
		{
			"from": [2, 16, 13],
			"to": [5, 17, 14],
			"rotation": {"angle": 0, "axis": "x", "origin": [8, 16.5, 8.5]},
			"faces": {
				"north": {"uv": [0, 0, 3, 1], "rotation": 180, "texture": "#missing"},
				"east": {"uv": [0, 0, 1, 1], "rotation": 90, "texture": "#0"},
				"south": {"uv": [0, 0, 3, 1], "texture": "#0"},
				"west": {"uv": [0, 0, 1, 1], "rotation": 270, "texture": "#0"},
				"up": {"uv": [2, 13, 5, 14], "texture": "#0"},
				"down": {"uv": [0, 0, 3, 1], "rotation": 180, "texture": "#missing"}
			}
		},
		{
			"from": [6, 16, 14],
			"to": [8, 17, 15],
			"rotation": {"angle": 0, "axis": "x", "origin": [8, 16.5, 8.5]},
			"faces": {
				"north": {"uv": [0, 0, 2, 1], "rotation": 180, "texture": "#0"},
				"east": {"uv": [0, 0, 1, 1], "rotation": 90, "texture": "#0"},
				"south": {"uv": [0, 0, 2, 1], "texture": "#0"},
				"west": {"uv": [0, 0, 1, 1], "rotation": 270, "texture": "#0"},
				"up": {"uv": [6, 14, 8, 15], "texture": "#0"},
				"down": {"uv": [0, 0, 2, 1], "rotation": 180, "texture": "#missing"}
			}
		},
		{
			"from": [10, 16, 14],
			"to": [11, 17, 15],
			"rotation": {"angle": 0, "axis": "x", "origin": [8, 16.5, 8.5]},
			"faces": {
				"north": {"uv": [0, 0, 1, 1], "rotation": 180, "texture": "#missing"},
				"east": {"uv": [0, 0, 1, 1], "rotation": 90, "texture": "#0"},
				"south": {"uv": [0, 0, 1, 1], "texture": "#0"},
				"west": {"uv": [0, 0, 1, 1], "rotation": 270, "texture": "#0"},
				"up": {"uv": [10, 14, 11, 15], "texture": "#0"},
				"down": {"uv": [0, 0, 1, 1], "rotation": 180, "texture": "#missing"}
			}
		},
		{
			"from": [10, 16, 11],
			"to": [12, 17, 12],
			"rotation": {"angle": 0, "axis": "x", "origin": [8, 16.5, 8.5]},
			"faces": {
				"north": {"uv": [0, 0, 2, 1], "rotation": 180, "texture": "#0"},
				"east": {"uv": [0, 0, 1, 1], "rotation": 90, "texture": "#0"},
				"south": {"uv": [0, 0, 2, 1], "texture": "#missing"},
				"west": {"uv": [0, 0, 1, 1], "rotation": 270, "texture": "#0"},
				"up": {"uv": [10, 11, 12, 12], "texture": "#0"},
				"down": {"uv": [0, 0, 2, 1], "rotation": 180, "texture": "#missing"}
			}
		},
		{
			"from": [9, 16, 12],
			"to": [13, 17, 14],
			"rotation": {"angle": 0, "axis": "x", "origin": [8, 16.5, 8.5]},
			"faces": {
				"north": {"uv": [0, 0, 4, 1], "rotation": 180, "texture": "#0"},
				"east": {"uv": [0, 0, 1, 2], "rotation": 90, "texture": "#0"},
				"south": {"uv": [0, 0, 4, 1], "texture": "#0"},
				"west": {"uv": [0, 0, 1, 2], "rotation": 270, "texture": "#0"},
				"up": {"uv": [9, 12, 13, 14], "texture": "#0"},
				"down": {"uv": [0, 0, 4, 2], "rotation": 180, "texture": "#missing"}
			}
		},
		{
			"from": [16, 3, 9],
			"to": [17, 4, 15],
			"rotation": {"angle": 0, "axis": "y", "origin": [16, 7, 8]},
			"faces": {
				"north": {"uv": [0, 0, 1, 1], "texture": "#0"},
				"east": {"uv": [1, 12, 7, 13], "texture": "#0"},
				"south": {"uv": [0, 0, 1, 1], "texture": "#0"},
				"west": {"uv": [0, 0, 6, 1], "texture": "#missing"},
				"up": {"uv": [0, 0, 6, 1], "rotation": 270, "texture": "#0"},
				"down": {"uv": [0, 0, 6, 1], "rotation": 90, "texture": "#0"}
			}
		},
		{
			"from": [16, 5, 1],
			"to": [17, 7, 3],
			"rotation": {"angle": 0, "axis": "y", "origin": [16, 7, 8]},
			"faces": {
				"north": {"uv": [0, 0, 1, 2], "texture": "#0"},
				"east": {"uv": [13, 9, 15, 11], "texture": "#0"},
				"south": {"uv": [0, 0, 1, 2], "texture": "#0"},
				"west": {"uv": [0, 0, 2, 2], "texture": "#missing"},
				"up": {"uv": [0, 0, 2, 1], "rotation": 270, "texture": "#0"},
				"down": {"uv": [0, 0, 2, 1], "rotation": 90, "texture": "#0"}
			}
		},
		{
			"from": [16, 11, 6],
			"to": [17, 12, 7],
			"rotation": {"angle": 0, "axis": "y", "origin": [16, 7, 8]},
			"faces": {
				"north": {"uv": [0, 0, 1, 1], "texture": "#0"},
				"east": {"uv": [9, 4, 10, 5], "texture": "#0"},
				"south": {"uv": [0, 0, 1, 1], "texture": "#missing"},
				"west": {"uv": [0, 0, 1, 1], "texture": "#missing"},
				"up": {"uv": [0, 0, 1, 1], "rotation": 270, "texture": "#missing"},
				"down": {"uv": [0, 0, 1, 1], "rotation": 90, "texture": "#0"}
			}
		},
		{
			"from": [16, 8, 3],
			"to": [17, 10, 6],
			"rotation": {"angle": 0, "axis": "y", "origin": [16, 7, 8]},
			"faces": {
				"north": {"uv": [0, 0, 1, 2], "texture": "#0"},
				"east": {"uv": [10, 6, 13, 8], "texture": "#0"},
				"south": {"uv": [0, 0, 1, 2], "texture": "#0"},
				"west": {"uv": [0, 0, 3, 2], "texture": "#missing"},
				"up": {"uv": [0, 0, 3, 1], "rotation": 270, "texture": "#0"},
				"down": {"uv": [0, 0, 3, 1], "rotation": 90, "texture": "#0"}
			}
		},
		{
			"from": [16, 13, 2],
			"to": [17, 14, 4],
			"rotation": {"angle": 0, "axis": "y", "origin": [16, 7, 8]},
			"faces": {
				"north": {"uv": [0, 0, 1, 1], "texture": "#0"},
				"east": {"uv": [12, 2, 14, 3], "texture": "#0"},
				"south": {"uv": [0, 0, 1, 1], "texture": "#0"},
				"west": {"uv": [0, 0, 2, 1], "texture": "#missing"},
				"up": {"uv": [0, 0, 2, 1], "rotation": 270, "texture": "#0"},
				"down": {"uv": [0, 0, 2, 1], "rotation": 90, "texture": "#0"}
			}
		},
		{
			"from": [16, 12, 5],
			"to": [17, 13, 7],
			"rotation": {"angle": 0, "axis": "y", "origin": [16, 7, 8]},
			"faces": {
				"north": {"uv": [0, 0, 1, 1], "texture": "#0"},
				"east": {"uv": [9, 3, 11, 4], "texture": "#0"},
				"south": {"uv": [0, 0, 1, 1], "texture": "#missing"},
				"west": {"uv": [0, 0, 2, 1], "texture": "#missing"},
				"up": {"uv": [0, 0, 2, 1], "rotation": 270, "texture": "#0"},
				"down": {"uv": [0, 0, 2, 1], "rotation": 90, "texture": "#0"}
			}
		},
		{
			"from": [16, 12, 10],
			"to": [17, 14, 11],
			"rotation": {"angle": 0, "axis": "y", "origin": [16, 7, 8]},
			"faces": {
				"north": {"uv": [0, 0, 1, 2], "texture": "#missing"},
				"east": {"uv": [6, 2, 5, 4], "texture": "#0"},
				"south": {"uv": [0, 0, 1, 2], "texture": "#0"},
				"west": {"uv": [0, 0, 1, 2], "texture": "#missing"},
				"up": {"uv": [0, 0, 1, 1], "rotation": 270, "texture": "#0"},
				"down": {"uv": [0, 0, 1, 1], "rotation": 90, "texture": "#0"}
			}
		},
		{
			"from": [16, 11, 7],
			"to": [17, 14, 10],
			"rotation": {"angle": 0, "axis": "y", "origin": [16, 7, 8]},
			"faces": {
				"north": {"uv": [0, 0, 1, 3], "texture": "#0"},
				"east": {"uv": [6, 2, 9, 5], "texture": "#0"},
				"south": {"uv": [0, 0, 1, 3], "texture": "#0"},
				"west": {"uv": [0, 0, 3, 3], "texture": "#missing"},
				"up": {"uv": [0, 0, 3, 1], "rotation": 270, "texture": "#0"},
				"down": {"uv": [0, 0, 3, 1], "rotation": 90, "texture": "#0"}
			}
		},
		{
			"from": [16, 11, 13],
			"to": [17, 12, 15],
			"rotation": {"angle": 0, "axis": "y", "origin": [16, 7, 8]},
			"faces": {
				"north": {"uv": [0, 0, 1, 1], "texture": "#0"},
				"east": {"uv": [1, 4, 3, 5], "texture": "#0"},
				"south": {"uv": [0, 0, 1, 1], "texture": "#0"},
				"west": {"uv": [0, 0, 2, 1], "texture": "#missing"},
				"up": {"uv": [0, 0, 2, 1], "rotation": 270, "texture": "#0"},
				"down": {"uv": [0, 0, 2, 1], "rotation": 90, "texture": "#0"}
			}
		},
		{
			"from": [16, 7, 12],
			"to": [17, 8, 13],
			"rotation": {"angle": 0, "axis": "y", "origin": [16, 7, 8]},
			"faces": {
				"north": {"uv": [0, 0, 1, 1], "texture": "#missing"},
				"east": {"uv": [3, 8, 4, 9], "texture": "#0"},
				"south": {"uv": [0, 0, 1, 1], "texture": "#0"},
				"west": {"uv": [0, 0, 1, 1], "texture": "#missing"},
				"up": {"uv": [0, 0, 1, 1], "rotation": 270, "texture": "#0"},
				"down": {"uv": [0, 0, 1, 1], "rotation": 90, "texture": "#0"}
			}
		},
		{
			"from": [16, 8, 9],
			"to": [17, 9, 10],
			"rotation": {"angle": 0, "axis": "y", "origin": [16, 7, 8]},
			"faces": {
				"north": {"uv": [0, 0, 1, 1], "texture": "#0"},
				"east": {"uv": [6, 7, 7, 8], "texture": "#0"},
				"south": {"uv": [0, 0, 1, 1], "texture": "#missing"},
				"west": {"uv": [0, 0, 1, 1], "texture": "#missing"},
				"up": {"uv": [0, 0, 1, 1], "rotation": 270, "texture": "#0"},
				"down": {"uv": [0, 0, 1, 1], "rotation": 90, "texture": "#missing"}
			}
		},
		{
			"from": [16, 7, 8],
			"to": [17, 8, 10],
			"rotation": {"angle": 0, "axis": "y", "origin": [16, 7, 8]},
			"faces": {
				"north": {"uv": [0, 0, 1, 1], "texture": "#0"},
				"east": {"uv": [6, 8, 8, 9], "texture": "#0"},
				"south": {"uv": [0, 0, 1, 1], "texture": "#missing"},
				"west": {"uv": [0, 0, 2, 1], "texture": "#missing"},
				"up": {"uv": [0, 0, 2, 1], "rotation": 270, "texture": "#0"},
				"down": {"uv": [0, 0, 2, 1], "rotation": 90, "texture": "#0"}
			}
		},
		{
			"from": [16, 6, 10],
			"to": [17, 9, 12],
			"rotation": {"angle": 0, "axis": "y", "origin": [16, 7, 8]},
			"faces": {
				"north": {"uv": [0, 0, 1, 3], "texture": "#0"},
				"east": {"uv": [4, 7, 6, 10], "texture": "#0"},
				"south": {"uv": [0, 0, 1, 3], "texture": "#0"},
				"west": {"uv": [0, 0, 2, 3], "texture": "#missing"},
				"up": {"uv": [0, 0, 2, 1], "rotation": 270, "texture": "#0"},
				"down": {"uv": [0, 0, 2, 1], "rotation": 90, "texture": "#0"}
			}
		},
		{
			"from": [16, 4, 12],
			"to": [17, 5, 14],
			"rotation": {"angle": 0, "axis": "y", "origin": [16, 7, 8]},
			"faces": {
				"north": {"uv": [0, 0, 1, 1], "texture": "#0"},
				"east": {"uv": [2, 11, 4, 12], "texture": "#0"},
				"south": {"uv": [0, 0, 1, 1], "texture": "#0"},
				"west": {"uv": [0, 0, 2, 1], "texture": "#missing"},
				"up": {"uv": [0, 0, 2, 1], "rotation": 270, "texture": "#0"},
				"down": {"uv": [0, 0, 2, 1], "rotation": 90, "texture": "#missing"}
			}
		},
		{
			"from": [16, 2, 11],
			"to": [17, 3, 14],
			"rotation": {"angle": 0, "axis": "y", "origin": [16, 7, 8]},
			"faces": {
				"north": {"uv": [0, 0, 1, 1], "texture": "#0"},
				"east": {"uv": [2, 13, 5, 14], "texture": "#0"},
				"south": {"uv": [0, 0, 1, 1], "texture": "#0"},
				"west": {"uv": [0, 0, 3, 1], "texture": "#missing"},
				"up": {"uv": [0, 0, 3, 1], "rotation": 270, "texture": "#missing"},
				"down": {"uv": [0, 0, 3, 1], "rotation": 90, "texture": "#0"}
			}
		},
		{
			"from": [16, 1, 8],
			"to": [17, 2, 10],
			"rotation": {"angle": 0, "axis": "y", "origin": [16, 7, 8]},
			"faces": {
				"north": {"uv": [0, 0, 1, 1], "texture": "#0"},
				"east": {"uv": [6, 14, 8, 15], "texture": "#0"},
				"south": {"uv": [0, 0, 1, 1], "texture": "#0"},
				"west": {"uv": [0, 0, 2, 1], "texture": "#missing"},
				"up": {"uv": [0, 0, 2, 1], "rotation": 270, "texture": "#0"},
				"down": {"uv": [0, 0, 2, 1], "rotation": 90, "texture": "#0"}
			}
		},
		{
			"from": [16, 1, 5],
			"to": [17, 2, 6],
			"rotation": {"angle": 0, "axis": "y", "origin": [16, 7, 8]},
			"faces": {
				"north": {"uv": [0, 0, 1, 1], "texture": "#0"},
				"east": {"uv": [10, 14, 11, 15], "texture": "#0"},
				"south": {"uv": [0, 0, 1, 1], "texture": "#0"},
				"west": {"uv": [0, 0, 1, 1], "texture": "#missing"},
				"up": {"uv": [0, 0, 1, 1], "rotation": 270, "texture": "#missing"},
				"down": {"uv": [0, 0, 1, 1], "rotation": 90, "texture": "#0"}
			}
		},
		{
			"from": [16, 4, 4],
			"to": [17, 5, 6],
			"rotation": {"angle": 0, "axis": "y", "origin": [16, 7, 8]},
			"faces": {
				"north": {"uv": [0, 0, 1, 1], "texture": "#0"},
				"east": {"uv": [10, 11, 12, 12], "texture": "#0"},
				"south": {"uv": [0, 0, 1, 1], "texture": "#0"},
				"west": {"uv": [0, 0, 2, 1], "texture": "#missing"},
				"up": {"uv": [0, 0, 2, 1], "rotation": 270, "texture": "#0"},
				"down": {"uv": [0, 0, 2, 1], "rotation": 90, "texture": "#missing"}
			}
		},
		{
			"from": [16, 2, 3],
			"to": [17, 4, 7],
			"rotation": {"angle": 0, "axis": "y", "origin": [16, 7, 8]},
			"faces": {
				"north": {"uv": [0, 0, 1, 2], "texture": "#0"},
				"east": {"uv": [9, 12, 13, 14], "texture": "#0"},
				"south": {"uv": [0, 0, 1, 2], "texture": "#0"},
				"west": {"uv": [0, 0, 4, 2], "texture": "#missing"},
				"up": {"uv": [0, 0, 4, 1], "rotation": 270, "texture": "#0"},
				"down": {"uv": [0, 0, 4, 1], "rotation": 90, "texture": "#0"}
			}
		},
		{
			"from": [16, 3, 9],
			"to": [17, 4, 15],
			"rotation": {"angle": 0, "axis": "y", "origin": [16, 7, 8]},
			"faces": {
				"north": {"uv": [0, 0, 1, 1], "texture": "#0"},
				"east": {"uv": [1, 12, 7, 13], "texture": "#0"},
				"south": {"uv": [0, 0, 1, 1], "texture": "#0"},
				"west": {"uv": [0, 0, 6, 1], "texture": "#missing"},
				"up": {"uv": [0, 0, 6, 1], "rotation": 270, "texture": "#0"},
				"down": {"uv": [0, 0, 6, 1], "rotation": 90, "texture": "#0"}
			}
		},
		{
			"from": [16, 5, 1],
			"to": [17, 7, 3],
			"rotation": {"angle": 0, "axis": "y", "origin": [16, 7, 8]},
			"faces": {
				"north": {"uv": [0, 0, 1, 2], "texture": "#0"},
				"east": {"uv": [13, 9, 15, 11], "texture": "#0"},
				"south": {"uv": [0, 0, 1, 2], "texture": "#0"},
				"west": {"uv": [0, 0, 2, 2], "texture": "#missing"},
				"up": {"uv": [0, 0, 2, 1], "rotation": 270, "texture": "#0"},
				"down": {"uv": [0, 0, 2, 1], "rotation": 90, "texture": "#0"}
			}
		},
		{
			"from": [16, 11, 6],
			"to": [17, 12, 7],
			"rotation": {"angle": 0, "axis": "y", "origin": [16, 7, 8]},
			"faces": {
				"north": {"uv": [0, 0, 1, 1], "texture": "#0"},
				"east": {"uv": [9, 4, 10, 5], "texture": "#0"},
				"south": {"uv": [0, 0, 1, 1], "texture": "#missing"},
				"west": {"uv": [0, 0, 1, 1], "texture": "#missing"},
				"up": {"uv": [0, 0, 1, 1], "rotation": 270, "texture": "#missing"},
				"down": {"uv": [0, 0, 1, 1], "rotation": 90, "texture": "#0"}
			}
		},
		{
			"from": [16, 8, 3],
			"to": [17, 10, 6],
			"rotation": {"angle": 0, "axis": "y", "origin": [16, 7, 8]},
			"faces": {
				"north": {"uv": [0, 0, 1, 2], "texture": "#0"},
				"east": {"uv": [10, 6, 13, 8], "texture": "#0"},
				"south": {"uv": [0, 0, 1, 2], "texture": "#0"},
				"west": {"uv": [0, 0, 3, 2], "texture": "#missing"},
				"up": {"uv": [0, 0, 3, 1], "rotation": 270, "texture": "#0"},
				"down": {"uv": [0, 0, 3, 1], "rotation": 90, "texture": "#0"}
			}
		},
		{
			"from": [16, 13, 2],
			"to": [17, 14, 4],
			"rotation": {"angle": 0, "axis": "y", "origin": [16, 7, 8]},
			"faces": {
				"north": {"uv": [0, 0, 1, 1], "texture": "#0"},
				"east": {"uv": [12, 2, 14, 3], "texture": "#0"},
				"south": {"uv": [0, 0, 1, 1], "texture": "#0"},
				"west": {"uv": [0, 0, 2, 1], "texture": "#missing"},
				"up": {"uv": [0, 0, 2, 1], "rotation": 270, "texture": "#0"},
				"down": {"uv": [0, 0, 2, 1], "rotation": 90, "texture": "#0"}
			}
		},
		{
			"from": [16, 12, 5],
			"to": [17, 13, 7],
			"rotation": {"angle": 0, "axis": "y", "origin": [16, 7, 8]},
			"faces": {
				"north": {"uv": [0, 0, 1, 1], "texture": "#0"},
				"east": {"uv": [9, 3, 11, 4], "texture": "#0"},
				"south": {"uv": [0, 0, 1, 1], "texture": "#missing"},
				"west": {"uv": [0, 0, 2, 1], "texture": "#missing"},
				"up": {"uv": [0, 0, 2, 1], "rotation": 270, "texture": "#0"},
				"down": {"uv": [0, 0, 2, 1], "rotation": 90, "texture": "#0"}
			}
		},
		{
			"from": [16, 12, 10],
			"to": [17, 14, 11],
			"rotation": {"angle": 0, "axis": "y", "origin": [16, 7, 8]},
			"faces": {
				"north": {"uv": [0, 0, 1, 2], "texture": "#missing"},
				"east": {"uv": [6, 2, 5, 4], "texture": "#0"},
				"south": {"uv": [0, 0, 1, 2], "texture": "#0"},
				"west": {"uv": [0, 0, 1, 2], "texture": "#missing"},
				"up": {"uv": [0, 0, 1, 1], "rotation": 270, "texture": "#0"},
				"down": {"uv": [0, 0, 1, 1], "rotation": 90, "texture": "#0"}
			}
		},
		{
			"from": [16, 11, 7],
			"to": [17, 14, 10],
			"rotation": {"angle": 0, "axis": "y", "origin": [16, 7, 8]},
			"faces": {
				"north": {"uv": [0, 0, 1, 3], "texture": "#0"},
				"east": {"uv": [6, 2, 9, 5], "texture": "#0"},
				"south": {"uv": [0, 0, 1, 3], "texture": "#0"},
				"west": {"uv": [0, 0, 3, 3], "texture": "#missing"},
				"up": {"uv": [0, 0, 3, 1], "rotation": 270, "texture": "#0"},
				"down": {"uv": [0, 0, 3, 1], "rotation": 90, "texture": "#0"}
			}
		},
		{
			"from": [16, 11, 13],
			"to": [17, 12, 15],
			"rotation": {"angle": 0, "axis": "y", "origin": [16, 7, 8]},
			"faces": {
				"north": {"uv": [0, 0, 1, 1], "texture": "#0"},
				"east": {"uv": [1, 4, 3, 5], "texture": "#0"},
				"south": {"uv": [0, 0, 1, 1], "texture": "#0"},
				"west": {"uv": [0, 0, 2, 1], "texture": "#missing"},
				"up": {"uv": [0, 0, 2, 1], "rotation": 270, "texture": "#0"},
				"down": {"uv": [0, 0, 2, 1], "rotation": 90, "texture": "#0"}
			}
		},
		{
			"from": [16, 7, 12],
			"to": [17, 8, 13],
			"rotation": {"angle": 0, "axis": "y", "origin": [16, 7, 8]},
			"faces": {
				"north": {"uv": [0, 0, 1, 1], "texture": "#missing"},
				"east": {"uv": [3, 8, 4, 9], "texture": "#0"},
				"south": {"uv": [0, 0, 1, 1], "texture": "#0"},
				"west": {"uv": [0, 0, 1, 1], "texture": "#missing"},
				"up": {"uv": [0, 0, 1, 1], "rotation": 270, "texture": "#0"},
				"down": {"uv": [0, 0, 1, 1], "rotation": 90, "texture": "#0"}
			}
		},
		{
			"from": [16, 8, 9],
			"to": [17, 9, 10],
			"rotation": {"angle": 0, "axis": "y", "origin": [16, 7, 8]},
			"faces": {
				"north": {"uv": [0, 0, 1, 1], "texture": "#0"},
				"east": {"uv": [6, 7, 7, 8], "texture": "#0"},
				"south": {"uv": [0, 0, 1, 1], "texture": "#missing"},
				"west": {"uv": [0, 0, 1, 1], "texture": "#missing"},
				"up": {"uv": [0, 0, 1, 1], "rotation": 270, "texture": "#0"},
				"down": {"uv": [0, 0, 1, 1], "rotation": 90, "texture": "#missing"}
			}
		},
		{
			"from": [16, 7, 8],
			"to": [17, 8, 10],
			"rotation": {"angle": 0, "axis": "y", "origin": [16, 7, 8]},
			"faces": {
				"north": {"uv": [0, 0, 1, 1], "texture": "#0"},
				"east": {"uv": [6, 8, 8, 9], "texture": "#0"},
				"south": {"uv": [0, 0, 1, 1], "texture": "#missing"},
				"west": {"uv": [0, 0, 2, 1], "texture": "#missing"},
				"up": {"uv": [0, 0, 2, 1], "rotation": 270, "texture": "#0"},
				"down": {"uv": [0, 0, 2, 1], "rotation": 90, "texture": "#0"}
			}
		},
		{
			"from": [16, 6, 10],
			"to": [17, 9, 12],
			"rotation": {"angle": 0, "axis": "y", "origin": [16, 7, 8]},
			"faces": {
				"north": {"uv": [0, 0, 1, 3], "texture": "#0"},
				"east": {"uv": [4, 7, 6, 10], "texture": "#0"},
				"south": {"uv": [0, 0, 1, 3], "texture": "#0"},
				"west": {"uv": [0, 0, 2, 3], "texture": "#missing"},
				"up": {"uv": [0, 0, 2, 1], "rotation": 270, "texture": "#0"},
				"down": {"uv": [0, 0, 2, 1], "rotation": 90, "texture": "#0"}
			}
		},
		{
			"from": [16, 4, 12],
			"to": [17, 5, 14],
			"rotation": {"angle": 0, "axis": "y", "origin": [16, 7, 8]},
			"faces": {
				"north": {"uv": [0, 0, 1, 1], "texture": "#0"},
				"east": {"uv": [2, 11, 4, 12], "texture": "#0"},
				"south": {"uv": [0, 0, 1, 1], "texture": "#0"},
				"west": {"uv": [0, 0, 2, 1], "texture": "#missing"},
				"up": {"uv": [0, 0, 2, 1], "rotation": 270, "texture": "#0"},
				"down": {"uv": [0, 0, 2, 1], "rotation": 90, "texture": "#missing"}
			}
		},
		{
			"from": [16, 2, 11],
			"to": [17, 3, 14],
			"rotation": {"angle": 0, "axis": "y", "origin": [16, 7, 8]},
			"faces": {
				"north": {"uv": [0, 0, 1, 1], "texture": "#0"},
				"east": {"uv": [2, 13, 5, 14], "texture": "#0"},
				"south": {"uv": [0, 0, 1, 1], "texture": "#0"},
				"west": {"uv": [0, 0, 3, 1], "texture": "#missing"},
				"up": {"uv": [0, 0, 3, 1], "rotation": 270, "texture": "#missing"},
				"down": {"uv": [0, 0, 3, 1], "rotation": 90, "texture": "#0"}
			}
		},
		{
			"from": [16, 1, 8],
			"to": [17, 2, 10],
			"rotation": {"angle": 0, "axis": "y", "origin": [16, 7, 8]},
			"faces": {
				"north": {"uv": [0, 0, 1, 1], "texture": "#0"},
				"east": {"uv": [6, 14, 8, 15], "texture": "#0"},
				"south": {"uv": [0, 0, 1, 1], "texture": "#0"},
				"west": {"uv": [0, 0, 2, 1], "texture": "#missing"},
				"up": {"uv": [0, 0, 2, 1], "rotation": 270, "texture": "#0"},
				"down": {"uv": [0, 0, 2, 1], "rotation": 90, "texture": "#0"}
			}
		},
		{
			"from": [16, 1, 5],
			"to": [17, 2, 6],
			"rotation": {"angle": 0, "axis": "y", "origin": [16, 7, 8]},
			"faces": {
				"north": {"uv": [0, 0, 1, 1], "texture": "#0"},
				"east": {"uv": [10, 14, 11, 15], "texture": "#0"},
				"south": {"uv": [0, 0, 1, 1], "texture": "#0"},
				"west": {"uv": [0, 0, 1, 1], "texture": "#missing"},
				"up": {"uv": [0, 0, 1, 1], "rotation": 270, "texture": "#missing"},
				"down": {"uv": [0, 0, 1, 1], "rotation": 90, "texture": "#0"}
			}
		},
		{
			"from": [16, 4, 4],
			"to": [17, 5, 6],
			"rotation": {"angle": 0, "axis": "y", "origin": [16, 7, 8]},
			"faces": {
				"north": {"uv": [0, 0, 1, 1], "texture": "#0"},
				"east": {"uv": [10, 11, 12, 12], "texture": "#0"},
				"south": {"uv": [0, 0, 1, 1], "texture": "#0"},
				"west": {"uv": [0, 0, 2, 1], "texture": "#missing"},
				"up": {"uv": [0, 0, 2, 1], "rotation": 270, "texture": "#0"},
				"down": {"uv": [0, 0, 2, 1], "rotation": 90, "texture": "#missing"}
			}
		},
		{
			"from": [16, 2, 3],
			"to": [17, 4, 7],
			"rotation": {"angle": 0, "axis": "y", "origin": [16, 7, 8]},
			"faces": {
				"north": {"uv": [0, 0, 1, 2], "texture": "#0"},
				"east": {"uv": [9, 12, 13, 14], "texture": "#0"},
				"south": {"uv": [0, 0, 1, 2], "texture": "#0"},
				"west": {"uv": [0, 0, 4, 2], "texture": "#missing"},
				"up": {"uv": [0, 0, 4, 1], "rotation": 270, "texture": "#0"},
				"down": {"uv": [0, 0, 4, 1], "rotation": 90, "texture": "#0"}
			}
		},
		{
			"from": [-1, 3, 1],
			"to": [0, 4, 7],
			"rotation": {"angle": 0, "axis": "y", "origin": [0, 7, 8]},
			"faces": {
				"north": {"uv": [0, 0, 1, 1], "texture": "#0"},
				"east": {"uv": [0, 0, 6, 1], "texture": "#missing"},
				"south": {"uv": [0, 0, 1, 1], "texture": "#0"},
				"west": {"uv": [1, 12, 7, 13], "texture": "#0"},
				"up": {"uv": [0, 0, 6, 1], "rotation": 90, "texture": "#0"},
				"down": {"uv": [0, 0, 6, 1], "rotation": 270, "texture": "#0"}
			}
		},
		{
			"from": [-1, 5, 13],
			"to": [0, 7, 15],
			"rotation": {"angle": 0, "axis": "y", "origin": [0, 7, 8]},
			"faces": {
				"north": {"uv": [0, 0, 1, 2], "texture": "#0"},
				"east": {"uv": [0, 0, 2, 2], "texture": "#missing"},
				"south": {"uv": [0, 0, 1, 2], "texture": "#0"},
				"west": {"uv": [13, 9, 15, 11], "texture": "#0"},
				"up": {"uv": [0, 0, 2, 1], "rotation": 90, "texture": "#0"},
				"down": {"uv": [0, 0, 2, 1], "rotation": 270, "texture": "#0"}
			}
		},
		{
			"from": [-1, 11, 9],
			"to": [0, 12, 10],
			"rotation": {"angle": 0, "axis": "y", "origin": [0, 7, 8]},
			"faces": {
				"north": {"uv": [0, 0, 1, 1], "texture": "#missing"},
				"east": {"uv": [0, 0, 1, 1], "texture": "#missing"},
				"south": {"uv": [0, 0, 1, 1], "texture": "#0"},
				"west": {"uv": [9, 4, 10, 5], "texture": "#0"},
				"up": {"uv": [0, 0, 1, 1], "rotation": 90, "texture": "#missing"},
				"down": {"uv": [0, 0, 1, 1], "rotation": 270, "texture": "#0"}
			}
		},
		{
			"from": [-1, 8, 10],
			"to": [0, 10, 13],
			"rotation": {"angle": 0, "axis": "y", "origin": [0, 7, 8]},
			"faces": {
				"north": {"uv": [0, 0, 1, 2], "texture": "#0"},
				"east": {"uv": [0, 0, 3, 2], "texture": "#missing"},
				"south": {"uv": [0, 0, 1, 2], "texture": "#0"},
				"west": {"uv": [10, 6, 13, 8], "texture": "#0"},
				"up": {"uv": [0, 0, 3, 1], "rotation": 90, "texture": "#0"},
				"down": {"uv": [0, 0, 3, 1], "rotation": 270, "texture": "#0"}
			}
		},
		{
			"from": [-1, 13, 12],
			"to": [0, 14, 14],
			"rotation": {"angle": 0, "axis": "y", "origin": [0, 7, 8]},
			"faces": {
				"north": {"uv": [0, 0, 1, 1], "texture": "#0"},
				"east": {"uv": [0, 0, 2, 1], "texture": "#missing"},
				"south": {"uv": [0, 0, 1, 1], "texture": "#0"},
				"west": {"uv": [12, 2, 14, 3], "texture": "#0"},
				"up": {"uv": [0, 0, 2, 1], "rotation": 90, "texture": "#0"},
				"down": {"uv": [0, 0, 2, 1], "rotation": 270, "texture": "#0"}
			}
		},
		{
			"from": [-1, 12, 9],
			"to": [0, 13, 11],
			"rotation": {"angle": 0, "axis": "y", "origin": [0, 7, 8]},
			"faces": {
				"north": {"uv": [0, 0, 1, 1], "texture": "#missing"},
				"east": {"uv": [0, 0, 2, 1], "texture": "#missing"},
				"south": {"uv": [0, 0, 1, 1], "texture": "#0"},
				"west": {"uv": [9, 3, 11, 4], "texture": "#0"},
				"up": {"uv": [0, 0, 2, 1], "rotation": 90, "texture": "#0"},
				"down": {"uv": [0, 0, 2, 1], "rotation": 270, "texture": "#0"}
			}
		},
		{
			"from": [-1, 12, 5],
			"to": [0, 14, 6],
			"rotation": {"angle": 0, "axis": "y", "origin": [0, 7, 8]},
			"faces": {
				"north": {"uv": [0, 0, 1, 2], "texture": "#0"},
				"east": {"uv": [0, 0, 1, 2], "texture": "#missing"},
				"south": {"uv": [0, 0, 1, 2], "texture": "#missing"},
				"west": {"uv": [6, 2, 5, 4], "texture": "#0"},
				"up": {"uv": [0, 0, 1, 1], "rotation": 90, "texture": "#0"},
				"down": {"uv": [0, 0, 1, 1], "rotation": 270, "texture": "#0"}
			}
		},
		{
			"from": [-1, 11, 6],
			"to": [0, 14, 9],
			"rotation": {"angle": 0, "axis": "y", "origin": [0, 7, 8]},
			"faces": {
				"north": {"uv": [0, 0, 1, 3], "texture": "#0"},
				"east": {"uv": [0, 0, 3, 3], "texture": "#missing"},
				"south": {"uv": [0, 0, 1, 3], "texture": "#0"},
				"west": {"uv": [6, 2, 9, 5], "texture": "#0"},
				"up": {"uv": [0, 0, 3, 1], "rotation": 90, "texture": "#0"},
				"down": {"uv": [0, 0, 3, 1], "rotation": 270, "texture": "#0"}
			}
		},
		{
			"from": [-1, 11, 1],
			"to": [0, 12, 3],
			"rotation": {"angle": 0, "axis": "y", "origin": [0, 7, 8]},
			"faces": {
				"north": {"uv": [0, 0, 1, 1], "texture": "#0"},
				"east": {"uv": [0, 0, 2, 1], "texture": "#missing"},
				"south": {"uv": [0, 0, 1, 1], "texture": "#0"},
				"west": {"uv": [1, 4, 3, 5], "texture": "#0"},
				"up": {"uv": [0, 0, 2, 1], "rotation": 90, "texture": "#0"},
				"down": {"uv": [0, 0, 2, 1], "rotation": 270, "texture": "#0"}
			}
		},
		{
			"from": [-1, 7, 3],
			"to": [0, 8, 4],
			"rotation": {"angle": 0, "axis": "y", "origin": [0, 7, 8]},
			"faces": {
				"north": {"uv": [0, 0, 1, 1], "texture": "#0"},
				"east": {"uv": [0, 0, 1, 1], "texture": "#missing"},
				"south": {"uv": [0, 0, 1, 1], "texture": "#missing"},
				"west": {"uv": [3, 8, 4, 9], "texture": "#0"},
				"up": {"uv": [0, 0, 1, 1], "rotation": 90, "texture": "#0"},
				"down": {"uv": [0, 0, 1, 1], "rotation": 270, "texture": "#0"}
			}
		},
		{
			"from": [-1, 8, 6],
			"to": [0, 9, 7],
			"rotation": {"angle": 0, "axis": "y", "origin": [0, 7, 8]},
			"faces": {
				"north": {"uv": [0, 0, 1, 1], "texture": "#missing"},
				"east": {"uv": [0, 0, 1, 1], "texture": "#missing"},
				"south": {"uv": [0, 0, 1, 1], "texture": "#0"},
				"west": {"uv": [6, 7, 7, 8], "texture": "#0"},
				"up": {"uv": [0, 0, 1, 1], "rotation": 90, "texture": "#0"},
				"down": {"uv": [0, 0, 1, 1], "rotation": 270, "texture": "#missing"}
			}
		},
		{
			"from": [-1, 7, 6],
			"to": [0, 8, 8],
			"rotation": {"angle": 0, "axis": "y", "origin": [0, 7, 8]},
			"faces": {
				"north": {"uv": [0, 0, 1, 1], "texture": "#missing"},
				"east": {"uv": [0, 0, 2, 1], "texture": "#missing"},
				"south": {"uv": [0, 0, 1, 1], "texture": "#0"},
				"west": {"uv": [6, 8, 8, 9], "texture": "#0"},
				"up": {"uv": [0, 0, 2, 1], "rotation": 90, "texture": "#0"},
				"down": {"uv": [0, 0, 2, 1], "rotation": 270, "texture": "#0"}
			}
		},
		{
			"from": [-1, 6, 4],
			"to": [0, 9, 6],
			"rotation": {"angle": 0, "axis": "y", "origin": [0, 7, 8]},
			"faces": {
				"north": {"uv": [0, 0, 1, 3], "texture": "#0"},
				"east": {"uv": [0, 0, 2, 3], "texture": "#missing"},
				"south": {"uv": [0, 0, 1, 3], "texture": "#0"},
				"west": {"uv": [4, 7, 6, 10], "texture": "#0"},
				"up": {"uv": [0, 0, 2, 1], "rotation": 90, "texture": "#0"},
				"down": {"uv": [0, 0, 2, 1], "rotation": 270, "texture": "#0"}
			}
		},
		{
			"from": [-1, 4, 2],
			"to": [0, 5, 4],
			"rotation": {"angle": 0, "axis": "y", "origin": [0, 7, 8]},
			"faces": {
				"north": {"uv": [0, 0, 1, 1], "texture": "#0"},
				"east": {"uv": [0, 0, 2, 1], "texture": "#missing"},
				"south": {"uv": [0, 0, 1, 1], "texture": "#0"},
				"west": {"uv": [2, 11, 4, 12], "texture": "#0"},
				"up": {"uv": [0, 0, 2, 1], "rotation": 90, "texture": "#0"},
				"down": {"uv": [0, 0, 2, 1], "rotation": 270, "texture": "#missing"}
			}
		},
		{
			"from": [-1, 2, 2],
			"to": [0, 3, 5],
			"rotation": {"angle": 0, "axis": "y", "origin": [0, 7, 8]},
			"faces": {
				"north": {"uv": [0, 0, 1, 1], "texture": "#0"},
				"east": {"uv": [0, 0, 3, 1], "texture": "#missing"},
				"south": {"uv": [0, 0, 1, 1], "texture": "#0"},
				"west": {"uv": [2, 13, 5, 14], "texture": "#0"},
				"up": {"uv": [0, 0, 3, 1], "rotation": 90, "texture": "#missing"},
				"down": {"uv": [0, 0, 3, 1], "rotation": 270, "texture": "#0"}
			}
		},
		{
			"from": [-1, 1, 6],
			"to": [0, 2, 8],
			"rotation": {"angle": 0, "axis": "y", "origin": [0, 7, 8]},
			"faces": {
				"north": {"uv": [0, 0, 1, 1], "texture": "#0"},
				"east": {"uv": [0, 0, 2, 1], "texture": "#missing"},
				"south": {"uv": [0, 0, 1, 1], "texture": "#0"},
				"west": {"uv": [6, 14, 8, 15], "texture": "#0"},
				"up": {"uv": [0, 0, 2, 1], "rotation": 90, "texture": "#0"},
				"down": {"uv": [0, 0, 2, 1], "rotation": 270, "texture": "#0"}
			}
		},
		{
			"from": [-1, 1, 10],
			"to": [0, 2, 11],
			"rotation": {"angle": 0, "axis": "y", "origin": [0, 7, 8]},
			"faces": {
				"north": {"uv": [0, 0, 1, 1], "texture": "#0"},
				"east": {"uv": [0, 0, 1, 1], "texture": "#missing"},
				"south": {"uv": [0, 0, 1, 1], "texture": "#0"},
				"west": {"uv": [10, 14, 11, 15], "texture": "#0"},
				"up": {"uv": [0, 0, 1, 1], "rotation": 90, "texture": "#missing"},
				"down": {"uv": [0, 0, 1, 1], "rotation": 270, "texture": "#0"}
			}
		},
		{
			"from": [-1, 4, 10],
			"to": [0, 5, 12],
			"rotation": {"angle": 0, "axis": "y", "origin": [0, 7, 8]},
			"faces": {
				"north": {"uv": [0, 0, 1, 1], "texture": "#0"},
				"east": {"uv": [0, 0, 2, 1], "texture": "#missing"},
				"south": {"uv": [0, 0, 1, 1], "texture": "#0"},
				"west": {"uv": [10, 11, 12, 12], "texture": "#0"},
				"up": {"uv": [0, 0, 2, 1], "rotation": 90, "texture": "#0"},
				"down": {"uv": [0, 0, 2, 1], "rotation": 270, "texture": "#missing"}
			}
		},
		{
			"from": [-1, 2, 9],
			"to": [0, 4, 13],
			"rotation": {"angle": 0, "axis": "y", "origin": [0, 7, 8]},
			"faces": {
				"north": {"uv": [0, 0, 1, 2], "texture": "#0"},
				"east": {"uv": [0, 0, 4, 2], "texture": "#missing"},
				"south": {"uv": [0, 0, 1, 2], "texture": "#0"},
				"west": {"uv": [9, 12, 13, 14], "texture": "#0"},
				"up": {"uv": [0, 0, 4, 1], "rotation": 90, "texture": "#0"},
				"down": {"uv": [0, 0, 4, 1], "rotation": 270, "texture": "#0"}
			}
		},
		{
			"from": [1, -1, 3],
			"to": [7, 0, 4],
			"rotation": {"angle": 0, "axis": "x", "origin": [8, -0.5, 7.5]},
			"faces": {
				"north": {"uv": [0, 0, 6, 1], "rotation": 180, "texture": "#0"},
				"east": {"uv": [0, 0, 1, 1], "rotation": 270, "texture": "#0"},
				"south": {"uv": [0, 0, 6, 1], "texture": "#0"},
				"west": {"uv": [0, 0, 1, 1], "rotation": 90, "texture": "#0"},
				"up": {"uv": [0, 0, 6, 1], "rotation": 180, "texture": "#missing"},
				"down": {"uv": [1, 12, 7, 13], "texture": "#0"}
			}
		},
		{
			"from": [13, -1, 5],
			"to": [15, 0, 7],
			"rotation": {"angle": 0, "axis": "x", "origin": [8, -0.5, 7.5]},
			"faces": {
				"north": {"uv": [0, 0, 2, 1], "rotation": 180, "texture": "#0"},
				"east": {"uv": [0, 0, 1, 2], "rotation": 270, "texture": "#0"},
				"south": {"uv": [0, 0, 2, 1], "texture": "#0"},
				"west": {"uv": [0, 0, 1, 2], "rotation": 90, "texture": "#0"},
				"up": {"uv": [0, 0, 2, 2], "rotation": 180, "texture": "#missing"},
				"down": {"uv": [13, 9, 15, 11], "texture": "#0"}
			}
		},
		{
			"from": [9, -1, 11],
			"to": [10, 0, 12],
			"rotation": {"angle": 0, "axis": "x", "origin": [8, -0.5, 7.5]},
			"faces": {
				"north": {"uv": [0, 0, 1, 1], "rotation": 180, "texture": "#0"},
				"east": {"uv": [0, 0, 1, 1], "rotation": 270, "texture": "#0"},
				"south": {"uv": [0, 0, 1, 1], "texture": "#missing"},
				"west": {"uv": [0, 0, 1, 1], "rotation": 90, "texture": "#missing"},
				"up": {"uv": [0, 0, 1, 1], "rotation": 180, "texture": "#missing"},
				"down": {"uv": [9, 4, 10, 5], "texture": "#0"}
			}
		},
		{
			"from": [10, -1, 8],
			"to": [13, 0, 10],
			"rotation": {"angle": 0, "axis": "x", "origin": [8, -0.5, 7.5]},
			"faces": {
				"north": {"uv": [0, 0, 3, 1], "rotation": 180, "texture": "#0"},
				"east": {"uv": [0, 0, 1, 2], "rotation": 270, "texture": "#0"},
				"south": {"uv": [0, 0, 3, 1], "texture": "#0"},
				"west": {"uv": [0, 0, 1, 2], "rotation": 90, "texture": "#0"},
				"up": {"uv": [0, 0, 3, 2], "rotation": 180, "texture": "#missing"},
				"down": {"uv": [10, 6, 13, 8], "texture": "#0"}
			}
		},
		{
			"from": [12, -1, 13],
			"to": [14, 0, 14],
			"rotation": {"angle": 0, "axis": "x", "origin": [8, -0.5, 7.5]},
			"faces": {
				"north": {"uv": [0, 0, 2, 1], "rotation": 180, "texture": "#0"},
				"east": {"uv": [0, 0, 1, 1], "rotation": 270, "texture": "#0"},
				"south": {"uv": [0, 0, 2, 1], "texture": "#0"},
				"west": {"uv": [0, 0, 1, 1], "rotation": 90, "texture": "#0"},
				"up": {"uv": [0, 0, 2, 1], "rotation": 180, "texture": "#missing"},
				"down": {"uv": [12, 2, 14, 3], "texture": "#0"}
			}
		},
		{
			"from": [9, -1, 12],
			"to": [11, 0, 13],
			"rotation": {"angle": 0, "axis": "x", "origin": [8, -0.5, 7.5]},
			"faces": {
				"north": {"uv": [0, 0, 2, 1], "rotation": 180, "texture": "#0"},
				"east": {"uv": [0, 0, 1, 1], "rotation": 270, "texture": "#0"},
				"south": {"uv": [0, 0, 2, 1], "texture": "#0"},
				"west": {"uv": [0, 0, 1, 1], "rotation": 90, "texture": "#missing"},
				"up": {"uv": [0, 0, 2, 1], "rotation": 180, "texture": "#missing"},
				"down": {"uv": [9, 3, 11, 4], "texture": "#0"}
			}
		},
		{
			"from": [5, -1, 12],
			"to": [6, 0, 14],
			"rotation": {"angle": 0, "axis": "x", "origin": [8, -0.5, 7.5]},
			"faces": {
				"north": {"uv": [0, 0, 1, 1], "rotation": 180, "texture": "#0"},
				"east": {"uv": [0, 0, 1, 2], "rotation": 270, "texture": "#missing"},
				"south": {"uv": [0, 0, 1, 1], "texture": "#0"},
				"west": {"uv": [0, 0, 1, 2], "rotation": 90, "texture": "#0"},
				"up": {"uv": [0, 0, 1, 2], "rotation": 180, "texture": "#missing"},
				"down": {"uv": [6, 2, 5, 4], "texture": "#0"}
			}
		},
		{
			"from": [6, -1, 11],
			"to": [9, 0, 14],
			"rotation": {"angle": 0, "axis": "x", "origin": [8, -0.5, 7.5]},
			"faces": {
				"north": {"uv": [0, 0, 3, 1], "rotation": 180, "texture": "#0"},
				"east": {"uv": [0, 0, 1, 3], "rotation": 270, "texture": "#0"},
				"south": {"uv": [0, 0, 3, 1], "texture": "#0"},
				"west": {"uv": [0, 0, 1, 3], "rotation": 90, "texture": "#0"},
				"up": {"uv": [0, 0, 3, 3], "rotation": 180, "texture": "#missing"},
				"down": {"uv": [6, 2, 9, 5], "texture": "#0"}
			}
		},
		{
			"from": [1, -1, 11],
			"to": [3, 0, 12],
			"rotation": {"angle": 0, "axis": "x", "origin": [8, -0.5, 7.5]},
			"faces": {
				"north": {"uv": [0, 0, 2, 1], "rotation": 180, "texture": "#0"},
				"east": {"uv": [0, 0, 1, 1], "rotation": 270, "texture": "#0"},
				"south": {"uv": [0, 0, 2, 1], "texture": "#0"},
				"west": {"uv": [0, 0, 1, 1], "rotation": 90, "texture": "#0"},
				"up": {"uv": [0, 0, 2, 1], "rotation": 180, "texture": "#missing"},
				"down": {"uv": [1, 4, 3, 5], "texture": "#0"}
			}
		},
		{
			"from": [3, -1, 7],
			"to": [4, 0, 8],
			"rotation": {"angle": 0, "axis": "x", "origin": [8, -0.5, 7.5]},
			"faces": {
				"north": {"uv": [0, 0, 1, 1], "rotation": 180, "texture": "#0"},
				"east": {"uv": [0, 0, 1, 1], "rotation": 270, "texture": "#missing"},
				"south": {"uv": [0, 0, 1, 1], "texture": "#0"},
				"west": {"uv": [0, 0, 1, 1], "rotation": 90, "texture": "#0"},
				"up": {"uv": [0, 0, 1, 1], "rotation": 180, "texture": "#missing"},
				"down": {"uv": [3, 8, 4, 9], "texture": "#0"}
			}
		},
		{
			"from": [6, -1, 8],
			"to": [7, 0, 9],
			"rotation": {"angle": 0, "axis": "x", "origin": [8, -0.5, 7.5]},
			"faces": {
				"north": {"uv": [0, 0, 1, 1], "rotation": 180, "texture": "#missing"},
				"east": {"uv": [0, 0, 1, 1], "rotation": 270, "texture": "#0"},
				"south": {"uv": [0, 0, 1, 1], "texture": "#0"},
				"west": {"uv": [0, 0, 1, 1], "rotation": 90, "texture": "#missing"},
				"up": {"uv": [0, 0, 1, 1], "rotation": 180, "texture": "#missing"},
				"down": {"uv": [6, 7, 7, 8], "texture": "#0"}
			}
		},
		{
			"from": [6, -1, 7],
			"to": [8, 0, 8],
			"rotation": {"angle": 0, "axis": "x", "origin": [8, -0.5, 7.5]},
			"faces": {
				"north": {"uv": [0, 0, 2, 1], "rotation": 180, "texture": "#0"},
				"east": {"uv": [0, 0, 1, 1], "rotation": 270, "texture": "#0"},
				"south": {"uv": [0, 0, 2, 1], "texture": "#0"},
				"west": {"uv": [0, 0, 1, 1], "rotation": 90, "texture": "#missing"},
				"up": {"uv": [0, 0, 2, 1], "rotation": 180, "texture": "#missing"},
				"down": {"uv": [6, 8, 8, 9], "texture": "#0"}
			}
		},
		{
			"from": [4, -1, 6],
			"to": [6, 0, 9],
			"rotation": {"angle": 0, "axis": "x", "origin": [8, -0.5, 7.5]},
			"faces": {
				"north": {"uv": [0, 0, 2, 1], "rotation": 180, "texture": "#0"},
				"east": {"uv": [0, 0, 1, 3], "rotation": 270, "texture": "#0"},
				"south": {"uv": [0, 0, 2, 1], "texture": "#0"},
				"west": {"uv": [0, 0, 1, 3], "rotation": 90, "texture": "#0"},
				"up": {"uv": [0, 0, 2, 3], "rotation": 180, "texture": "#missing"},
				"down": {"uv": [4, 7, 6, 10], "texture": "#0"}
			}
		},
		{
			"from": [2, -1, 4],
			"to": [4, 0, 5],
			"rotation": {"angle": 0, "axis": "x", "origin": [8, -0.5, 7.5]},
			"faces": {
				"north": {"uv": [0, 0, 2, 1], "rotation": 180, "texture": "#missing"},
				"east": {"uv": [0, 0, 1, 1], "rotation": 270, "texture": "#0"},
				"south": {"uv": [0, 0, 2, 1], "texture": "#0"},
				"west": {"uv": [0, 0, 1, 1], "rotation": 90, "texture": "#0"},
				"up": {"uv": [0, 0, 2, 1], "rotation": 180, "texture": "#missing"},
				"down": {"uv": [2, 11, 4, 12], "texture": "#0"}
			}
		},
		{
			"from": [2, -1, 2],
			"to": [5, 0, 3],
			"rotation": {"angle": 0, "axis": "x", "origin": [8, -0.5, 7.5]},
			"faces": {
				"north": {"uv": [0, 0, 3, 1], "rotation": 180, "texture": "#0"},
				"east": {"uv": [0, 0, 1, 1], "rotation": 270, "texture": "#0"},
				"south": {"uv": [0, 0, 3, 1], "texture": "#missing"},
				"west": {"uv": [0, 0, 1, 1], "rotation": 90, "texture": "#0"},
				"up": {"uv": [0, 0, 3, 1], "rotation": 180, "texture": "#missing"},
				"down": {"uv": [2, 13, 5, 14], "texture": "#0"}
			}
		},
		{
			"from": [6, -1, 1],
			"to": [8, 0, 2],
			"rotation": {"angle": 0, "axis": "x", "origin": [8, -0.5, 7.5]},
			"faces": {
				"north": {"uv": [0, 0, 2, 1], "rotation": 180, "texture": "#0"},
				"east": {"uv": [0, 0, 1, 1], "rotation": 270, "texture": "#0"},
				"south": {"uv": [0, 0, 2, 1], "texture": "#0"},
				"west": {"uv": [0, 0, 1, 1], "rotation": 90, "texture": "#0"},
				"up": {"uv": [0, 0, 2, 1], "rotation": 180, "texture": "#missing"},
				"down": {"uv": [6, 14, 8, 15], "texture": "#0"}
			}
		},
		{
			"from": [10, -1, 1],
			"to": [11, 0, 2],
			"rotation": {"angle": 0, "axis": "x", "origin": [8, -0.5, 7.5]},
			"faces": {
				"north": {"uv": [0, 0, 1, 1], "rotation": 180, "texture": "#0"},
				"east": {"uv": [0, 0, 1, 1], "rotation": 270, "texture": "#0"},
				"south": {"uv": [0, 0, 1, 1], "texture": "#missing"},
				"west": {"uv": [0, 0, 1, 1], "rotation": 90, "texture": "#0"},
				"up": {"uv": [0, 0, 1, 1], "rotation": 180, "texture": "#missing"},
				"down": {"uv": [10, 14, 11, 15], "texture": "#0"}
			}
		},
		{
			"from": [10, -1, 4],
			"to": [12, 0, 5],
			"rotation": {"angle": 0, "axis": "x", "origin": [8, -0.5, 7.5]},
			"faces": {
				"north": {"uv": [0, 0, 2, 1], "rotation": 180, "texture": "#missing"},
				"east": {"uv": [0, 0, 1, 1], "rotation": 270, "texture": "#0"},
				"south": {"uv": [0, 0, 2, 1], "texture": "#0"},
				"west": {"uv": [0, 0, 1, 1], "rotation": 90, "texture": "#0"},
				"up": {"uv": [0, 0, 2, 1], "rotation": 180, "texture": "#missing"},
				"down": {"uv": [10, 11, 12, 12], "texture": "#0"}
			}
		},
		{
			"from": [9, -1, 2],
			"to": [13, 0, 4],
			"rotation": {"angle": 0, "axis": "x", "origin": [8, -0.5, 7.5]},
			"faces": {
				"north": {"uv": [0, 0, 4, 1], "rotation": 180, "texture": "#0"},
				"east": {"uv": [0, 0, 1, 2], "rotation": 270, "texture": "#0"},
				"south": {"uv": [0, 0, 4, 1], "texture": "#0"},
				"west": {"uv": [0, 0, 1, 2], "rotation": 90, "texture": "#0"},
				"up": {"uv": [0, 0, 4, 2], "rotation": 180, "texture": "#missing"},
				"down": {"uv": [9, 12, 13, 14], "texture": "#0"}
			}
		}
	],
	"gui_light": "front",
	"display": {
		"thirdperson_righthand": {
			"translation": [0, -2, -3.25],
			"scale": [0.5, 0.5, 0.5]
		},
		"thirdperson_lefthand": {
			"translation": [0, -2, -3.25],
			"scale": [0.5, 0.5, 0.5]
		},
		"firstperson_righthand": {
			"translation": [0.5, 1.75, 0],
			"scale": [0.35, 0.35, 0.35]
		},
		"firstperson_lefthand": {
			"translation": [0.5, 1.75, 0],
			"scale": [0.35, 0.35, 0.35]
		},
		"ground": {
			"rotation": [0, -44, 0],
			"translation": [0, -1.25, 0],
			"scale": [0.5, 0.5, 0.5]
		},
		"gui": {
			"rotation": [0, -20, 0],
			"scale": [0.5, 0.5, 0.5]
		},
		"head": {
			"translation": [-10.75, -2.75, 0],
			"scale": [0.5, 0.5, 0.5]
		},
		"fixed": {
			"translation": [0, 0, -0.25],
			"scale": [0.5, 0.5, 0.5]
		}
	},
	"groups": [
		0,
		{
			"name": "group",
			"origin": [8, 8, 8],
			"color": 0,
			"children": [1, 2, 3, 4, 5, 6, 7, 8, 9, 10, 11, 12, 13, 14, 15, 16, 17, 18, 19]
		},
		{
			"name": "group",
			"origin": [8, 8, 8],
			"color": 0,
			"children": [20, 21, 22, 23, 24, 25, 26, 27, 28, 29, 30, 31, 32, 33, 34, 35, 36, 37, 38]
		},
		{
			"name": "group",
			"origin": [8, 8, 8],
			"color": 0,
			"children": [39, 40, 41, 42, 43, 44, 45, 46, 47, 48, 49, 50, 51, 52, 53, 54, 55, 56, 57]
		},
		{
			"name": "group",
			"origin": [8, 8, 8],
			"color": 0,
			"children": [58, 59, 60, 61, 62, 63, 64, 65, 66, 67, 68, 69, 70, 71, 72, 73, 74, 75, 76]
		},
		{
			"name": "group",
			"origin": [8, 8, 8],
			"color": 0,
			"children": [77, 78, 79, 80, 81, 82, 83, 84, 85, 86, 87, 88, 89, 90, 91, 92, 93, 94, 95]
		},
		{
			"name": "group",
			"origin": [8, 8, 8],
			"color": 0,
			"children": [96, 97, 98, 99, 100, 101, 102, 103, 104, 105, 106, 107, 108, 109, 110, 111, 112, 113, 114]
		},
		{
			"name": "group",
			"origin": [8, 8, 8],
			"color": 0,
			"children": [115, 116, 117, 118, 119, 120, 121, 122, 123, 124, 125, 126, 127, 128, 129, 130, 131, 132, 133]
		}
	]
}