{
	"format_version": "1.9.0",
	"credit": "Made with Blockbench",
	"textures": {
		"0": "item/spyglass",
		"particle": "item/spyglass"
	},
	"elements": [
		{
			"from": [6.55, 1.45, 1],
			"to": [8.85, 3.75, 4],
			"rotation": {"angle": 0, "axis": "y", "origin": [7, 1, 1]},
			"faces": {
				"north": {"uv": [11, 3, 13.3, 5.3], "texture": "#0"},
				"east": {"uv": [1, 10, 6, 14.3], "texture": "#0"},
				"south": {"uv": [0, 0, 2.3, 2.3], "texture": "#missing"},
				"west": {"uv": [1, 10, 6, 14.3], "texture": "#0"},
				"up": {"uv": [1, 10, 6.3, 14], "texture": "#0"},
				"down": {"uv": [1, 10, 6.3, 14], "texture": "#0"}
			}
		},
		{
			"from": [6, 1, 4],
			"to": [9.3, 4.3, 9],
			"rotation": {"angle": 0, "axis": "y", "origin": [7, 2, 5]},
			"faces": {
				"north": {"uv": [1, 0, 5.3, 4.3], "texture": "#0"},
				"east": {"uv": [9, 12, 14, 16], "texture": "#0"},
				"south": {"uv": [10, 2, 13.3, 5.3], "texture": "#0"},
				"west": {"uv": [9, 11.7, 14, 16], "texture": "#0"},
				"up": {"uv": [9, 11, 12.3, 16], "texture": "#0"},
				"down": {"uv": [9, 11, 12.3, 16], "texture": "#0"}
			}
		}
	],
	"gui_light": "front",
	"display": {
		"thirdperson_righthand": {
			"rotation": [-82, 0, 0],
			"translation": [0, 6.5, -4.25],
			"scale": [1, 1, 1.35]
		},
		"thirdperson_lefthand": {
			"rotation": [-82, 0, 0],
			"translation": [0, 6.5, -4.25],
			"scale": [1, 1, 1.35]
		},
		"firstperson_righthand": {
			"rotation": [55, -180, 24],
			"translation": [6.25, 6.25, -1.5],
			"scale": [1, 1, 0.76]
		},
		"firstperson_lefthand": {
			"rotation": [55, -180, 24],
			"translation": [6.25, 6.25, -1.5],
			"scale": [1, 1, 0.76]
		},
		"ground": {
			"rotation": [0, 82, 0],
			"translation": [0, 3.75, 0],
			"scale": [1, 1, 1.35]
		},
		"gui": {
			"rotation": [-50, -35, -28],
			"translation": [0.5, 6, 80],
			"scale": [1, 1, 1.35]
		},
		"head": {
			"rotation": [0, 180, 0],
			"translation": [0, 12.75, 0]
		},
		"fixed": {
			"rotation": [-103, 58, 44],
			"translation": [0.75, 4.25, -5.75],
			"scale": [1, 1, 1.5]
		}
	}
}