{
	"format_version": "1.9.0",
	"credit": "Made with Blockbench",
	"textures": {
		"0": "item/wooden_hoe",
		"particle": "item/wooden_hoe"
	},
	"elements": [
		{
			"name": "golden_hoe_0",
			"from": [7, 14, 7],
			"to": [8, 15, 8],
			"rotation": {"angle": 0, "axis": "y", "origin": [0, 0, 7]},
			"faces": {
				"north": {"uv": [8, 1, 7, 2], "texture": "#0"},
				"east": {"uv": [7, 1, 8, 2], "texture": "#0"},
				"south": {"uv": [7, 1, 8, 2], "texture": "#0"},
				"west": {"uv": [7, 1, 8, 2], "texture": "#0"},
				"up": {"uv": [7, 1, 8, 2], "texture": "#0"},
				"down": {"uv": [7, 1, 8, 2], "texture": "#0"}
			}
		},
		{
			"name": "golden_hoe_1",
			"from": [8, 14, 7],
			"to": [9, 15, 8],
			"rotation": {"angle": 0, "axis": "y", "origin": [0, 0, 7]},
			"faces": {
				"north": {"uv": [9, 1, 8, 2], "texture": "#0"},
				"east": {"uv": [8, 1, 9, 2], "texture": "#0"},
				"south": {"uv": [8, 1, 9, 2], "texture": "#0"},
				"west": {"uv": [8, 1, 9, 2], "texture": "#0"},
				"up": {"uv": [8, 1, 9, 2], "texture": "#0"},
				"down": {"uv": [8, 1, 9, 2], "texture": "#0"}
			}
		},
		{
			"name": "golden_hoe_2",
			"from": [9, 14, 7],
			"to": [10, 15, 8],
			"rotation": {"angle": 0, "axis": "y", "origin": [0, 0, 7]},
			"faces": {
				"north": {"uv": [10, 1, 9, 2], "texture": "#0"},
				"east": {"uv": [9, 1, 10, 2], "texture": "#0"},
				"south": {"uv": [9, 1, 10, 2], "texture": "#0"},
				"west": {"uv": [9, 1, 10, 2], "texture": "#0"},
				"up": {"uv": [9, 1, 10, 2], "texture": "#0"},
				"down": {"uv": [9, 1, 10, 2], "texture": "#0"}
			}
		},
		{
			"name": "golden_hoe_3",
			"from": [6, 13, 7],
			"to": [7, 14, 8],
			"rotation": {"angle": 0, "axis": "y", "origin": [0, 0, 7]},
			"faces": {
				"north": {"uv": [7, 2, 6, 3], "texture": "#0"},
				"east": {"uv": [6, 2, 7, 3], "texture": "#0"},
				"south": {"uv": [6, 2, 7, 3], "texture": "#0"},
				"west": {"uv": [6, 2, 7, 3], "texture": "#0"},
				"up": {"uv": [6, 2, 7, 3], "texture": "#0"},
				"down": {"uv": [6, 2, 7, 3], "texture": "#0"}
			}
		},
		{
			"name": "golden_hoe_6",
			"from": [7, 13, 7],
			"to": [10, 14, 8],
			"rotation": {"angle": 0, "axis": "y", "origin": [-2, 0, 7]},
			"faces": {
				"north": {"uv": [10, 2, 7, 3], "texture": "#0"},
				"east": {"uv": [9, 2, 10, 3], "texture": "#0"},
				"south": {"uv": [7, 2, 10, 3], "texture": "#0"},
				"west": {"uv": [7, 2, 10, 3], "texture": "#0"},
				"up": {"uv": [9, 2, 10, 3], "texture": "#0"},
				"down": {"uv": [9, 2, 10, 3], "texture": "#0"}
			}
		},
		{
			"name": "golden_hoe_7",
			"from": [10, 13, 7],
			"to": [11, 14, 8],
			"rotation": {"angle": 0, "axis": "y", "origin": [0, 0, 7]},
			"faces": {
				"north": {"uv": [11, 2, 10, 3], "texture": "#0"},
				"east": {"uv": [10, 2, 11, 3], "texture": "#0"},
				"south": {"uv": [10, 2, 11, 3], "texture": "#0"},
				"west": {"uv": [10, 2, 11, 3], "texture": "#0"},
				"up": {"uv": [10, 2, 11, 3], "texture": "#0"},
				"down": {"uv": [10, 2, 11, 3], "texture": "#0"}
			}
		},
		{
			"name": "golden_hoe_8",
			"from": [7, 12, 7],
			"to": [8, 13, 8],
			"rotation": {"angle": 0, "axis": "y", "origin": [0, 0, 7]},
			"faces": {
				"north": {"uv": [8, 3, 7, 4], "texture": "#0"},
				"east": {"uv": [7, 3, 8, 4], "texture": "#0"},
				"south": {"uv": [7, 3, 8, 4], "texture": "#0"},
				"west": {"uv": [7, 3, 8, 4], "texture": "#0"},
				"up": {"uv": [7, 3, 8, 4], "texture": "#0"},
				"down": {"uv": [7, 3, 8, 4], "texture": "#0"}
			}
		},
		{
			"name": "golden_hoe_9",
			"from": [8, 12, 7],
			"to": [9, 13, 8],
			"rotation": {"angle": 0, "axis": "y", "origin": [0, 0, 7]},
			"faces": {
				"north": {"uv": [9, 3, 8, 4], "texture": "#0"},
				"east": {"uv": [8, 3, 9, 4], "texture": "#0"},
				"south": {"uv": [8, 3, 9, 4], "texture": "#0"},
				"west": {"uv": [8, 3, 9, 4], "texture": "#0"},
				"up": {"uv": [8, 3, 9, 4], "texture": "#0"},
				"down": {"uv": [8, 3, 9, 4], "texture": "#0"}
			}
		},
		{
			"name": "golden_hoe_11",
			"from": [9, 12, 7],
			"to": [11, 13, 8],
			"rotation": {"angle": 0, "axis": "y", "origin": [-1, 0, 7]},
			"faces": {
				"north": {"uv": [11, 3, 9, 4], "texture": "#0"},
				"east": {"uv": [10, 3, 11, 4], "texture": "#0"},
				"south": {"uv": [9, 3, 11, 4], "texture": "#0"},
				"west": {"uv": [10, 3, 11, 4], "texture": "#0"},
				"up": {"uv": [10, 3, 11, 4], "texture": "#0"},
				"down": {"uv": [10, 3, 11, 4], "texture": "#0"}
			}
		},
		{
			"name": "golden_hoe_12",
			"from": [11, 12, 7],
			"to": [12, 13, 8],
			"rotation": {"angle": 0, "axis": "y", "origin": [0, 0, 7]},
			"faces": {
				"north": {"uv": [12, 3, 11, 4], "texture": "#0"},
				"east": {"uv": [11, 3, 12, 4], "texture": "#0"},
				"south": {"uv": [11, 3, 12, 4], "texture": "#0"},
				"west": {"uv": [11, 3, 12, 4], "texture": "#0"},
				"up": {"uv": [11, 3, 12, 4], "texture": "#0"},
				"down": {"uv": [11, 3, 12, 4], "texture": "#0"}
			}
		},
		{
			"name": "golden_hoe_13",
			"from": [12, 12, 7],
			"to": [13, 13, 8],
			"rotation": {"angle": 0, "axis": "y", "origin": [0, 0, 7]},
			"faces": {
				"north": {"uv": [13, 3, 12, 4], "texture": "#0"},
				"east": {"uv": [12, 3, 13, 4], "texture": "#0"},
				"south": {"uv": [12, 3, 13, 4], "texture": "#0"},
				"west": {"uv": [12, 3, 13, 4], "texture": "#0"},
				"up": {"uv": [12, 3, 13, 4], "texture": "#0"},
				"down": {"uv": [12, 3, 13, 4], "texture": "#0"}
			}
		},
		{
			"name": "golden_hoe_14",
			"from": [13, 12, 7],
			"to": [14, 13, 8],
			"rotation": {"angle": 0, "axis": "y", "origin": [0, 0, 7]},
			"faces": {
				"north": {"uv": [14, 3, 13, 4], "texture": "#0"},
				"east": {"uv": [13, 3, 14, 4], "texture": "#0"},
				"south": {"uv": [13, 3, 14, 4], "texture": "#0"},
				"west": {"uv": [13, 3, 14, 4], "texture": "#0"},
				"up": {"uv": [13, 3, 14, 4], "texture": "#0"},
				"down": {"uv": [13, 3, 14, 4], "texture": "#0"}
			}
		},
		{
			"name": "golden_hoe_15",
			"from": [9, 11, 7],
			"to": [10, 12, 8],
			"rotation": {"angle": 0, "axis": "y", "origin": [0, 0, 7]},
			"faces": {
				"north": {"uv": [10, 4, 9, 5], "texture": "#0"},
				"east": {"uv": [9, 4, 10, 5], "texture": "#0"},
				"south": {"uv": [9, 4, 10, 5], "texture": "#0"},
				"west": {"uv": [9, 4, 10, 5], "texture": "#0"},
				"up": {"uv": [9, 4, 10, 5], "texture": "#0"},
				"down": {"uv": [9, 4, 10, 5], "texture": "#0"}
			}
		},
		{
			"name": "golden_hoe_17",
			"from": [10, 11, 7],
			"to": [12, 12, 8],
			"rotation": {"angle": 0, "axis": "y", "origin": [-1, 0, 7]},
			"faces": {
				"north": {"uv": [12, 4, 10, 5], "texture": "#0"},
				"east": {"uv": [11, 4, 12, 5], "texture": "#0"},
				"south": {"uv": [10, 4, 12, 5], "texture": "#0"},
				"west": {"uv": [11, 4, 12, 5], "texture": "#0"},
				"up": {"uv": [11, 4, 12, 5], "texture": "#0"},
				"down": {"uv": [11, 4, 12, 5], "texture": "#0"}
			}
		},
		{
			"name": "golden_hoe_18",
			"from": [12, 11, 7],
			"to": [13, 12, 8],
			"rotation": {"angle": 0, "axis": "y", "origin": [0, 0, 7]},
			"faces": {
				"north": {"uv": [13, 4, 12, 5], "texture": "#0"},
				"east": {"uv": [12, 4, 13, 5], "texture": "#0"},
				"south": {"uv": [12, 4, 13, 5], "texture": "#0"},
				"west": {"uv": [12, 4, 13, 5], "texture": "#0"},
				"up": {"uv": [12, 4, 13, 5], "texture": "#0"},
				"down": {"uv": [12, 4, 13, 5], "texture": "#0"}
			}
		},
		{
			"name": "golden_hoe_19",
			"from": [13, 11, 7],
			"to": [14, 12, 8],
			"rotation": {"angle": 0, "axis": "y", "origin": [0, 0, 7]},
			"faces": {
				"north": {"uv": [14, 4, 13, 5], "texture": "#0"},
				"east": {"uv": [13, 4, 14, 5], "texture": "#0"},
				"south": {"uv": [13, 4, 14, 5], "texture": "#0"},
				"west": {"uv": [13, 4, 14, 5], "texture": "#0"},
				"up": {"uv": [13, 4, 14, 5], "texture": "#0"},
				"down": {"uv": [13, 4, 14, 5], "texture": "#0"}
			}
		},
		{
			"name": "golden_hoe_20",
			"from": [10, 10, 7],
			"to": [11, 11, 8],
			"rotation": {"angle": 0, "axis": "y", "origin": [0, 0, 7]},
			"faces": {
				"north": {"uv": [11, 5, 10, 6], "texture": "#0"},
				"east": {"uv": [10, 5, 11, 6], "texture": "#0"},
				"south": {"uv": [10, 5, 11, 6], "texture": "#0"},
				"west": {"uv": [10, 5, 11, 6], "texture": "#0"},
				"up": {"uv": [10, 5, 11, 6], "texture": "#0"},
				"down": {"uv": [10, 5, 11, 6], "texture": "#0"}
			}
		},
		{
			"name": "golden_hoe_22",
			"from": [11, 10, 7],
			"to": [13, 11, 8],
			"rotation": {"angle": 0, "axis": "y", "origin": [-1, 0, 7]},
			"faces": {
				"north": {"uv": [13, 5, 11, 6], "texture": "#0"},
				"east": {"uv": [12, 5, 13, 6], "texture": "#0"},
				"south": {"uv": [11, 5, 13, 6], "texture": "#0"},
				"west": {"uv": [12, 5, 13, 6], "texture": "#0"},
				"up": {"uv": [12, 5, 13, 6], "texture": "#0"},
				"down": {"uv": [12, 5, 13, 6], "texture": "#0"}
			}
		},
		{
			"name": "golden_hoe_23",
			"from": [13, 10, 7],
			"to": [14, 11, 8],
			"rotation": {"angle": 0, "axis": "y", "origin": [0, 0, 7]},
			"faces": {
				"north": {"uv": [14, 5, 13, 6], "texture": "#0"},
				"east": {"uv": [13, 5, 14, 6], "texture": "#0"},
				"south": {"uv": [13, 5, 14, 6], "texture": "#0"},
				"west": {"uv": [13, 5, 14, 6], "texture": "#0"},
				"up": {"uv": [13, 5, 14, 6], "texture": "#0"},
				"down": {"uv": [13, 5, 14, 6], "texture": "#0"}
			}
		},
		{
			"name": "golden_hoe_24",
			"from": [9, 9, 7],
			"to": [10, 10, 8],
			"rotation": {"angle": 0, "axis": "y", "origin": [0, 0, 7]},
			"faces": {
				"north": {"uv": [10, 6, 9, 7], "texture": "#0"},
				"east": {"uv": [9, 6, 10, 7], "texture": "#0"},
				"south": {"uv": [9, 6, 10, 7], "texture": "#0"},
				"west": {"uv": [9, 6, 10, 7], "texture": "#0"},
				"up": {"uv": [9, 6, 10, 7], "texture": "#0"},
				"down": {"uv": [9, 6, 10, 7], "texture": "#0"}
			}
		},
		{
			"name": "golden_hoe_25",
			"from": [10, 9, 7],
			"to": [11, 10, 8],
			"rotation": {"angle": 0, "axis": "y", "origin": [0, 0, 7]},
			"faces": {
				"north": {"uv": [11, 6, 10, 7], "texture": "#0"},
				"east": {"uv": [10, 6, 11, 7], "texture": "#0"},
				"south": {"uv": [10, 6, 11, 7], "texture": "#0"},
				"west": {"uv": [10, 6, 11, 7], "texture": "#0"},
				"up": {"uv": [10, 6, 11, 7], "texture": "#0"},
				"down": {"uv": [10, 6, 11, 7], "texture": "#0"}
			}
		},
		{
			"name": "golden_hoe_26",
			"from": [11, 9, 7],
			"to": [12, 10, 8],
			"rotation": {"angle": 0, "axis": "y", "origin": [0, 0, 7]},
			"faces": {
				"north": {"uv": [12, 6, 11, 7], "texture": "#0"},
				"east": {"uv": [11, 6, 12, 7], "texture": "#0"},
				"south": {"uv": [11, 6, 12, 7], "texture": "#0"},
				"west": {"uv": [11, 6, 12, 7], "texture": "#0"},
				"up": {"uv": [11, 6, 12, 7], "texture": "#0"},
				"down": {"uv": [11, 6, 12, 7], "texture": "#0"}
			}
		},
		{
			"name": "golden_hoe_27",
			"from": [12, 9, 7],
			"to": [13, 10, 8],
			"rotation": {"angle": 0, "axis": "y", "origin": [0, 0, 7]},
			"faces": {
				"north": {"uv": [13, 6, 12, 7], "texture": "#0"},
				"east": {"uv": [12, 6, 13, 7], "texture": "#0"},
				"south": {"uv": [12, 6, 13, 7], "texture": "#0"},
				"west": {"uv": [12, 6, 13, 7], "texture": "#0"},
				"up": {"uv": [12, 6, 13, 7], "texture": "#0"},
				"down": {"uv": [12, 6, 13, 7], "texture": "#0"}
			}
		},
		{
			"name": "golden_hoe_28",
			"from": [8, 8, 7],
			"to": [9, 9, 8],
			"rotation": {"angle": 0, "axis": "y", "origin": [0, 0, 7]},
			"faces": {
				"north": {"uv": [9, 7, 8, 8], "texture": "#0"},
				"east": {"uv": [8, 7, 9, 8], "texture": "#0"},
				"south": {"uv": [8, 7, 9, 8], "texture": "#0"},
				"west": {"uv": [8, 7, 9, 8], "texture": "#0"},
				"up": {"uv": [8, 7, 9, 8], "texture": "#0"},
				"down": {"uv": [8, 7, 9, 8], "texture": "#0"}
			}
		},
		{
			"name": "golden_hoe_29",
			"from": [9, 8, 7],
			"to": [10, 9, 8],
			"rotation": {"angle": 0, "axis": "y", "origin": [0, 0, 7]},
			"faces": {
				"north": {"uv": [10, 7, 9, 8], "texture": "#0"},
				"east": {"uv": [9, 7, 10, 8], "texture": "#0"},
				"south": {"uv": [9, 7, 10, 8], "texture": "#0"},
				"west": {"uv": [9, 7, 10, 8], "texture": "#0"},
				"up": {"uv": [9, 7, 10, 8], "texture": "#0"},
				"down": {"uv": [9, 7, 10, 8], "texture": "#0"}
			}
		},
		{
			"name": "golden_hoe_30",
			"from": [10, 8, 7],
			"to": [11, 9, 8],
			"rotation": {"angle": 0, "axis": "y", "origin": [0, 0, 7]},
			"faces": {
				"north": {"uv": [11, 7, 10, 8], "texture": "#0"},
				"east": {"uv": [10, 7, 11, 8], "texture": "#0"},
				"south": {"uv": [10, 7, 11, 8], "texture": "#0"},
				"west": {"uv": [10, 7, 11, 8], "texture": "#0"},
				"up": {"uv": [10, 7, 11, 8], "texture": "#0"},
				"down": {"uv": [10, 7, 11, 8], "texture": "#0"}
			}
		},
		{
			"name": "golden_hoe_31",
			"from": [7, 7, 7],
			"to": [8, 8, 8],
			"rotation": {"angle": 0, "axis": "y", "origin": [0, 0, 7]},
			"faces": {
				"north": {"uv": [8, 8, 7, 9], "texture": "#0"},
				"east": {"uv": [7, 8, 8, 9], "texture": "#0"},
				"south": {"uv": [7, 8, 8, 9], "texture": "#0"},
				"west": {"uv": [7, 8, 8, 9], "texture": "#0"},
				"up": {"uv": [7, 8, 8, 9], "texture": "#0"},
				"down": {"uv": [7, 8, 8, 9], "texture": "#0"}
			}
		},
		{
			"name": "golden_hoe_32",
			"from": [8, 7, 7],
			"to": [9, 8, 8],
			"rotation": {"angle": 0, "axis": "y", "origin": [0, 0, 7]},
			"faces": {
				"north": {"uv": [9, 8, 8, 9], "texture": "#0"},
				"east": {"uv": [8, 8, 9, 9], "texture": "#0"},
				"south": {"uv": [8, 8, 9, 9], "texture": "#0"},
				"west": {"uv": [8, 8, 9, 9], "texture": "#0"},
				"up": {"uv": [8, 8, 9, 9], "texture": "#0"},
				"down": {"uv": [8, 8, 9, 9], "texture": "#0"}
			}
		},
		{
			"name": "golden_hoe_33",
			"from": [9, 7, 7],
			"to": [10, 8, 8],
			"rotation": {"angle": 0, "axis": "y", "origin": [0, 0, 7]},
			"faces": {
				"north": {"uv": [10, 8, 9, 9], "texture": "#0"},
				"east": {"uv": [9, 8, 10, 9], "texture": "#0"},
				"south": {"uv": [9, 8, 10, 9], "texture": "#0"},
				"west": {"uv": [9, 8, 10, 9], "texture": "#0"},
				"up": {"uv": [9, 8, 10, 9], "texture": "#0"},
				"down": {"uv": [9, 8, 10, 9], "texture": "#0"}
			}
		},
		{
			"name": "golden_hoe_34",
			"from": [6, 6, 7],
			"to": [7, 7, 8],
			"rotation": {"angle": 0, "axis": "y", "origin": [0, 0, 7]},
			"faces": {
				"north": {"uv": [7, 9, 6, 10], "texture": "#0"},
				"east": {"uv": [6, 9, 7, 10], "texture": "#0"},
				"south": {"uv": [6, 9, 7, 10], "texture": "#0"},
				"west": {"uv": [6, 9, 7, 10], "texture": "#0"},
				"up": {"uv": [6, 9, 7, 10], "texture": "#0"},
				"down": {"uv": [6, 9, 7, 10], "texture": "#0"}
			}
		},
		{
			"name": "golden_hoe_35",
			"from": [7, 6, 7],
			"to": [8, 7, 8],
			"rotation": {"angle": 0, "axis": "y", "origin": [0, 0, 7]},
			"faces": {
				"north": {"uv": [8, 9, 7, 10], "texture": "#0"},
				"east": {"uv": [7, 9, 8, 10], "texture": "#0"},
				"south": {"uv": [7, 9, 8, 10], "texture": "#0"},
				"west": {"uv": [7, 9, 8, 10], "texture": "#0"},
				"up": {"uv": [7, 9, 8, 10], "texture": "#0"},
				"down": {"uv": [7, 9, 8, 10], "texture": "#0"}
			}
		},
		{
			"name": "golden_hoe_36",
			"from": [8, 6, 7],
			"to": [9, 7, 8],
			"rotation": {"angle": 0, "axis": "y", "origin": [0, 0, 7]},
			"faces": {
				"north": {"uv": [9, 9, 8, 10], "texture": "#0"},
				"east": {"uv": [8, 9, 9, 10], "texture": "#0"},
				"south": {"uv": [8, 9, 9, 10], "texture": "#0"},
				"west": {"uv": [8, 9, 9, 10], "texture": "#0"},
				"up": {"uv": [8, 9, 9, 10], "texture": "#0"},
				"down": {"uv": [8, 9, 9, 10], "texture": "#0"}
			}
		},
		{
			"name": "golden_hoe_37",
			"from": [5, 5, 7],
			"to": [6, 6, 8],
			"rotation": {"angle": 0, "axis": "y", "origin": [0, 0, 7]},
			"faces": {
				"north": {"uv": [6, 10, 5, 11], "texture": "#0"},
				"east": {"uv": [5, 10, 6, 11], "texture": "#0"},
				"south": {"uv": [5, 10, 6, 11], "texture": "#0"},
				"west": {"uv": [5, 10, 6, 11], "texture": "#0"},
				"up": {"uv": [5, 10, 6, 11], "texture": "#0"},
				"down": {"uv": [5, 10, 6, 11], "texture": "#0"}
			}
		},
		{
			"name": "golden_hoe_38",
			"from": [6, 5, 7],
			"to": [7, 6, 8],
			"rotation": {"angle": 0, "axis": "y", "origin": [0, 0, 7]},
			"faces": {
				"north": {"uv": [7, 10, 6, 11], "texture": "#0"},
				"east": {"uv": [6, 10, 7, 11], "texture": "#0"},
				"south": {"uv": [6, 10, 7, 11], "texture": "#0"},
				"west": {"uv": [6, 10, 7, 11], "texture": "#0"},
				"up": {"uv": [6, 10, 7, 11], "texture": "#0"},
				"down": {"uv": [6, 10, 7, 11], "texture": "#0"}
			}
		},
		{
			"name": "golden_hoe_39",
			"from": [7, 5, 7],
			"to": [8, 6, 8],
			"rotation": {"angle": 0, "axis": "y", "origin": [0, 0, 7]},
			"faces": {
				"north": {"uv": [8, 10, 7, 11], "texture": "#0"},
				"east": {"uv": [7, 10, 8, 11], "texture": "#0"},
				"south": {"uv": [7, 10, 8, 11], "texture": "#0"},
				"west": {"uv": [7, 10, 8, 11], "texture": "#0"},
				"up": {"uv": [7, 10, 8, 11], "texture": "#0"},
				"down": {"uv": [7, 10, 8, 11], "texture": "#0"}
			}
		},
		{
			"name": "golden_hoe_40",
			"from": [4, 4, 7],
			"to": [5, 5, 8],
			"rotation": {"angle": 0, "axis": "y", "origin": [0, 0, 7]},
			"faces": {
				"north": {"uv": [5, 11, 4, 12], "texture": "#0"},
				"east": {"uv": [4, 11, 5, 12], "texture": "#0"},
				"south": {"uv": [4, 11, 5, 12], "texture": "#0"},
				"west": {"uv": [4, 11, 5, 12], "texture": "#0"},
				"up": {"uv": [4, 11, 5, 12], "texture": "#0"},
				"down": {"uv": [4, 11, 5, 12], "texture": "#0"}
			}
		},
		{
			"name": "golden_hoe_41",
			"from": [5, 4, 7],
			"to": [6, 5, 8],
			"rotation": {"angle": 0, "axis": "y", "origin": [0, 0, 7]},
			"faces": {
				"north": {"uv": [6, 11, 5, 12], "texture": "#0"},
				"east": {"uv": [5, 11, 6, 12], "texture": "#0"},
				"south": {"uv": [5, 11, 6, 12], "texture": "#0"},
				"west": {"uv": [5, 11, 6, 12], "texture": "#0"},
				"up": {"uv": [5, 11, 6, 12], "texture": "#0"},
				"down": {"uv": [5, 11, 6, 12], "texture": "#0"}
			}
		},
		{
			"name": "golden_hoe_42",
			"from": [6, 4, 7],
			"to": [7, 5, 8],
			"rotation": {"angle": 0, "axis": "y", "origin": [0, 0, 7]},
			"faces": {
				"north": {"uv": [7, 11, 6, 12], "texture": "#0"},
				"east": {"uv": [6, 11, 7, 12], "texture": "#0"},
				"south": {"uv": [6, 11, 7, 12], "texture": "#0"},
				"west": {"uv": [6, 11, 7, 12], "texture": "#0"},
				"up": {"uv": [6, 11, 7, 12], "texture": "#0"},
				"down": {"uv": [6, 11, 7, 12], "texture": "#0"}
			}
		},
		{
			"name": "golden_hoe_43",
			"from": [3, 3, 7],
			"to": [4, 4, 8],
			"rotation": {"angle": 0, "axis": "y", "origin": [0, 0, 7]},
			"faces": {
				"north": {"uv": [4, 12, 3, 13], "texture": "#0"},
				"east": {"uv": [3, 12, 4, 13], "texture": "#0"},
				"south": {"uv": [3, 12, 4, 13], "texture": "#0"},
				"west": {"uv": [3, 12, 4, 13], "texture": "#0"},
				"up": {"uv": [3, 12, 4, 13], "texture": "#0"},
				"down": {"uv": [3, 12, 4, 13], "texture": "#0"}
			}
		},
		{
			"name": "golden_hoe_44",
			"from": [4, 3, 7],
			"to": [5, 4, 8],
			"rotation": {"angle": 0, "axis": "y", "origin": [0, 0, 7]},
			"faces": {
				"north": {"uv": [5, 12, 4, 13], "texture": "#0"},
				"east": {"uv": [4, 12, 5, 13], "texture": "#0"},
				"south": {"uv": [4, 12, 5, 13], "texture": "#0"},
				"west": {"uv": [4, 12, 5, 13], "texture": "#0"},
				"up": {"uv": [4, 12, 5, 13], "texture": "#0"},
				"down": {"uv": [4, 12, 5, 13], "texture": "#0"}
			}
		},
		{
			"name": "golden_hoe_45",
			"from": [5, 3, 7],
			"to": [6, 4, 8],
			"rotation": {"angle": 0, "axis": "y", "origin": [0, 0, 7]},
			"faces": {
				"north": {"uv": [6, 12, 5, 13], "texture": "#0"},
				"east": {"uv": [5, 12, 6, 13], "texture": "#0"},
				"south": {"uv": [5, 12, 6, 13], "texture": "#0"},
				"west": {"uv": [5, 12, 6, 13], "texture": "#0"},
				"up": {"uv": [5, 12, 6, 13], "texture": "#0"},
				"down": {"uv": [5, 12, 6, 13], "texture": "#0"}
			}
		},
		{
			"name": "golden_hoe_46",
			"from": [2, 2, 7],
			"to": [3, 3, 8],
			"rotation": {"angle": 0, "axis": "y", "origin": [0, 0, 7]},
			"faces": {
				"north": {"uv": [3, 13, 2, 14], "texture": "#0"},
				"east": {"uv": [2, 13, 3, 14], "texture": "#0"},
				"south": {"uv": [2, 13, 3, 14], "texture": "#0"},
				"west": {"uv": [2, 13, 3, 14], "texture": "#0"},
				"up": {"uv": [2, 13, 3, 14], "texture": "#0"},
				"down": {"uv": [2, 13, 3, 14], "texture": "#0"}
			}
		},
		{
			"name": "golden_hoe_47",
			"from": [3, 2, 7],
			"to": [4, 3, 8],
			"rotation": {"angle": 0, "axis": "y", "origin": [0, 0, 7]},
			"faces": {
				"north": {"uv": [4, 13, 3, 14], "texture": "#0"},
				"east": {"uv": [3, 13, 4, 14], "texture": "#0"},
				"south": {"uv": [3, 13, 4, 14], "texture": "#0"},
				"west": {"uv": [3, 13, 4, 14], "texture": "#0"},
				"up": {"uv": [3, 13, 4, 14], "texture": "#0"},
				"down": {"uv": [3, 13, 4, 14], "texture": "#0"}
			}
		},
		{
			"name": "golden_hoe_48",
			"from": [4, 2, 7],
			"to": [5, 3, 8],
			"rotation": {"angle": 0, "axis": "y", "origin": [0, 0, 7]},
			"faces": {
				"north": {"uv": [5, 13, 4, 14], "texture": "#0"},
				"east": {"uv": [4, 13, 5, 14], "texture": "#0"},
				"south": {"uv": [4, 13, 5, 14], "texture": "#0"},
				"west": {"uv": [4, 13, 5, 14], "texture": "#0"},
				"up": {"uv": [4, 13, 5, 14], "texture": "#0"},
				"down": {"uv": [4, 13, 5, 14], "texture": "#0"}
			}
		},
		{
			"name": "golden_hoe_49",
			"from": [2, 1, 7],
			"to": [3, 2, 8],
			"rotation": {"angle": 0, "axis": "y", "origin": [0, 0, 7]},
			"faces": {
				"north": {"uv": [3, 14, 2, 15], "texture": "#0"},
				"east": {"uv": [2, 14, 3, 15], "texture": "#0"},
				"south": {"uv": [2, 14, 3, 15], "texture": "#0"},
				"west": {"uv": [2, 14, 3, 15], "texture": "#0"},
				"up": {"uv": [2, 14, 3, 15], "texture": "#0"},
				"down": {"uv": [2, 14, 3, 15], "texture": "#0"}
			}
		},
		{
			"name": "golden_hoe_50",
			"from": [3, 1, 7],
			"to": [4, 2, 8],
			"rotation": {"angle": 0, "axis": "y", "origin": [0, 0, 7]},
			"faces": {
				"north": {"uv": [4, 14, 3, 15], "texture": "#0"},
				"east": {"uv": [3, 14, 4, 15], "texture": "#0"},
				"south": {"uv": [3, 14, 4, 15], "texture": "#0"},
				"west": {"uv": [3, 14, 4, 15], "texture": "#0"},
				"up": {"uv": [3, 14, 4, 15], "texture": "#0"},
				"down": {"uv": [3, 14, 4, 15], "texture": "#0"}
			}
		},
		{
			"name": "golden_hoe_6",
			"from": [7, 13, 8],
			"to": [10, 14, 9],
			"light_emission": 8,
			"rotation": {"angle": 0, "axis": "y", "origin": [-2, 0, 8]},
			"faces": {
				"north": {"uv": [10, 2, 7, 3], "texture": "#0"},
				"east": {"uv": [9, 2, 10, 3], "texture": "#0"},
				"south": {"uv": [7, 2, 10, 3], "texture": "#0"},
				"west": {"uv": [7, 2, 10, 3], "texture": "#0"},
				"up": {"uv": [9, 2, 10, 3], "texture": "#0"},
				"down": {"uv": [9, 2, 10, 3], "texture": "#0"}
			}
		},
		{
			"name": "golden_hoe_47",
			"from": [3, 2, 8],
			"to": [4, 3, 9],
			"light_emission": 8,
			"rotation": {"angle": 0, "axis": "y", "origin": [0, 0, 8]},
			"faces": {
				"north": {"uv": [4, 13, 3, 14], "texture": "#0"},
				"east": {"uv": [3, 13, 4, 14], "texture": "#0"},
				"south": {"uv": [3, 13, 4, 14], "texture": "#0"},
				"west": {"uv": [3, 13, 4, 14], "texture": "#0"},
				"up": {"uv": [3, 13, 4, 14], "texture": "#0"},
				"down": {"uv": [3, 13, 4, 14], "texture": "#0"}
			}
		},
		{
			"name": "golden_hoe_22",
			"from": [11, 10, 8],
			"to": [13, 11, 9],
			"light_emission": 8,
			"rotation": {"angle": 0, "axis": "y", "origin": [-1, 0, 8]},
			"faces": {
				"north": {"uv": [13, 5, 11, 6], "texture": "#0"},
				"east": {"uv": [12, 5, 13, 6], "texture": "#0"},
				"south": {"uv": [11, 5, 13, 6], "texture": "#0"},
				"west": {"uv": [12, 5, 13, 6], "texture": "#0"},
				"up": {"uv": [12, 5, 13, 6], "texture": "#0"},
				"down": {"uv": [12, 5, 13, 6], "texture": "#0"}
			}
		},
		{
			"name": "golden_hoe_17",
			"from": [10, 11, 8],
			"to": [12, 12, 9],
			"light_emission": 8,
			"rotation": {"angle": 0, "axis": "y", "origin": [-1, 0, 8]},
			"faces": {
				"north": {"uv": [12, 4, 10, 5], "texture": "#0"},
				"east": {"uv": [11, 4, 12, 5], "texture": "#0"},
				"south": {"uv": [10, 4, 12, 5], "texture": "#0"},
				"west": {"uv": [11, 4, 12, 5], "texture": "#0"},
				"up": {"uv": [11, 4, 12, 5], "texture": "#0"},
				"down": {"uv": [11, 4, 12, 5], "texture": "#0"}
			}
		},
		{
			"name": "golden_hoe_11",
			"from": [9, 12, 8],
			"to": [11, 13, 9],
			"light_emission": 8,
			"rotation": {"angle": 0, "axis": "y", "origin": [-1, 0, 8]},
			"faces": {
				"north": {"uv": [11, 3, 9, 4], "texture": "#0"},
				"east": {"uv": [10, 3, 11, 4], "texture": "#0"},
				"south": {"uv": [9, 3, 11, 4], "texture": "#0"},
				"west": {"uv": [10, 3, 11, 4], "texture": "#0"},
				"up": {"uv": [10, 3, 11, 4], "texture": "#0"},
				"down": {"uv": [10, 3, 11, 4], "texture": "#0"}
			}
		},
		{
			"name": "golden_hoe_6",
			"from": [7, 13, 6],
			"to": [10, 14, 7],
			"light_emission": 8,
			"rotation": {"angle": 0, "axis": "y", "origin": [-2, 0, 6]},
			"faces": {
				"north": {"uv": [10, 2, 7, 3], "texture": "#0"},
				"east": {"uv": [9, 2, 10, 3], "texture": "#0"},
				"south": {"uv": [7, 2, 10, 3], "texture": "#0"},
				"west": {"uv": [7, 2, 10, 3], "texture": "#0"},
				"up": {"uv": [9, 2, 10, 3], "texture": "#0"},
				"down": {"uv": [9, 2, 10, 3], "texture": "#0"}
			}
		},
		{
			"name": "golden_hoe_47",
			"from": [3, 2, 6],
			"to": [4, 3, 7],
			"light_emission": 8,
			"rotation": {"angle": 0, "axis": "y", "origin": [0, 0, 6]},
			"faces": {
				"north": {"uv": [4, 13, 3, 14], "texture": "#0"},
				"east": {"uv": [3, 13, 4, 14], "texture": "#0"},
				"south": {"uv": [3, 13, 4, 14], "texture": "#0"},
				"west": {"uv": [3, 13, 4, 14], "texture": "#0"},
				"up": {"uv": [3, 13, 4, 14], "texture": "#0"},
				"down": {"uv": [3, 13, 4, 14], "texture": "#0"}
			}
		},
		{
			"name": "golden_hoe_22",
			"from": [11, 10, 6],
			"to": [13, 11, 7],
			"light_emission": 8,
			"rotation": {"angle": 0, "axis": "y", "origin": [-1, 0, 6]},
			"faces": {
				"north": {"uv": [13, 5, 11, 6], "texture": "#0"},
				"east": {"uv": [12, 5, 13, 6], "texture": "#0"},
				"south": {"uv": [11, 5, 13, 6], "texture": "#0"},
				"west": {"uv": [12, 5, 13, 6], "texture": "#0"},
				"up": {"uv": [12, 5, 13, 6], "texture": "#0"},
				"down": {"uv": [12, 5, 13, 6], "texture": "#0"}
			}
		},
		{
			"name": "golden_hoe_17",
			"from": [10, 11, 6],
			"to": [12, 12, 7],
			"light_emission": 8,
			"rotation": {"angle": 0, "axis": "y", "origin": [-1, 0, 6]},
			"faces": {
				"north": {"uv": [12, 4, 10, 5], "texture": "#0"},
				"east": {"uv": [11, 4, 12, 5], "texture": "#0"},
				"south": {"uv": [10, 4, 12, 5], "texture": "#0"},
				"west": {"uv": [11, 4, 12, 5], "texture": "#0"},
				"up": {"uv": [11, 4, 12, 5], "texture": "#0"},
				"down": {"uv": [11, 4, 12, 5], "texture": "#0"}
			}
		},
		{
			"name": "golden_hoe_11",
			"from": [9, 12, 6],
			"to": [11, 13, 7],
			"light_emission": 8,
			"rotation": {"angle": 0, "axis": "y", "origin": [-1, 0, 6]},
			"faces": {
				"north": {"uv": [11, 3, 9, 4], "texture": "#0"},
				"east": {"uv": [10, 3, 11, 4], "texture": "#0"},
				"south": {"uv": [9, 3, 11, 4], "texture": "#0"},
				"west": {"uv": [10, 3, 11, 4], "texture": "#0"},
				"up": {"uv": [10, 3, 11, 4], "texture": "#0"},
				"down": {"uv": [10, 3, 11, 4], "texture": "#0"}
			}
		}
	],
	"gui_light": "front",
	"display": {
		"thirdperson_righthand": {
			"rotation": [-16, -90, 0],
			"translation": [0, 3.25, 1.75]
		},
		"thirdperson_lefthand": {
			"rotation": [-16, 90, 0],
			"translation": [0, 3.25, 1.75]
		},
		"firstperson_righthand": {
			"rotation": [-75, -90, 0],
			"translation": [1.75, 1.5, 0]
		},
		"firstperson_lefthand": {
			"rotation": [-75, 90, 0],
			"translation": [1.75, 1.5, 0]
		},
		"ground": {
			"scale": [0.6, 0.6, 0.6]
		},
		"gui": {
			"translation": [0.5, 0.25, 80]
		},
		"head": {
			"translation": [0, 13.5, 0]
		},
		"fixed": {
			"translation": [0, 0.5, 0]
		}
	},
	"groups": [
		{
			"name": "golden_hoe",
			"origin": [8, 8, 8],
			"color": 0,
			"children": [0, 1, 2, 3, 4, 5, 6, 7, 8, 9, 10, 11, 12, 13, 14, 15, 16, 17, 18, 19, 20, 21, 22, 23, 24, 25, 26, 27, 28, 29, 30, 31, 32, 33, 34, 35, 36, 37, 38, 39, 40, 41, 42, 43, 44, 45]
		},
		{
			"name": "group",
			"origin": [-1, 0, 8],
			"color": 0,
			"children": [46, 47, 48, 49, 50]
		},
		{
			"name": "group",
			"origin": [-1, 0, 8],
			"color": 0,
			"children": [51, 52, 53, 54, 55]
		}
	]
}